ID,Address,Rooms,Type,Price,Date,Bathroom,Car,Landsize,Age,Lattitude,Longtitude
ID122964121,121 Murray Rd,4,h,830000.0,3/06/2017,1.0,2.0,540.0,54.0,-37.73935,145.01516999999996
ID161649164,77 Highfield Rd,5,h,3550000.0,18/03/2017,4.0,4.0,684.0,6.0,-37.832,145.0853
ID574447673,56 Hall St,2,h,890000.0,8/04/2017,1.0,0.0,165.0,79.0,-37.8415,144.884
ID857527692,25 Sydney St,4,h,816000.0,10/09/2016,1.0,2.0,837.0,89.0,-37.7825,144.8221
ID115945460,4 Walter St,3,h,1045000.0,29/04/2017,2.0,3.0,526.0,29.0,-37.855,144.8742
ID230049769,5 Pitt St,2,h,1440000.0,27/06/2016,1.0,1.0,687.0,79.0,-37.872,145.0692
ID399458654,4 Ella Ct,4,h,1300000.0,8/04/2017,2.0,2.0,872.0,49.0,-37.7906,145.1138
ID962811109,162 Anderson Rd,3,h,550000.0,24/09/2016,1.0,1.0,583.0,59.0,-37.6949,144.9619
ID351799925,59 Summit Rd,3,h,740000.0,27/05/2017,1.0,1.0,650.0,18.0,-38.15882,145.12913999999995
ID659690674,88 Westmoreland Rd,2,h,1190000.0,19/11/2016,1.0,6.0,968.0,69.0,-37.7698,144.8362
ID168682823,17/393 Toorak Rd,1,u,400000.0,14/05/2016,1.0,1.0,1424.0,49.0,-37.8402,145.0029
ID342690033,6 Moffatt Cr,3,h,568000.0,23/09/2017,2.0,2.0,700.0,46.0,-37.87695,144.69953
ID194018756,87 Hotham Rd,2,h,657000.0,12/11/2016,2.0,1.0,268.0,69.0,-37.7343,144.8783
ID561501596,443 Punt Rd,3,h,1475000.0,10/09/2016,2.0,2.0,324.0,139.0,-37.8278,144.9885
ID730824666,5 Rigby St,3,h,881000.0,3/06/2017,1.0,2.0,538.0,49.0,-38.07405,145.13211
ID439841683,5 Baxter St,3,h,1390000.0,15/10/2016,1.0,2.0,463.0,139.0,-37.8879,145.0134
ID302045659,47 Waterdale Rd,4,h,1410000.0,6/05/2017,2.0,1.0,449.0,74.0,-37.777,145.0414
ID342511556,4 Vincent St,3,h,665000.0,12/08/2017,1.0,2.0,693.0,24.0,-37.77538,144.76933
ID860116248,188 Cardigan Rd,5,h,872000.0,3/06/2017,2.0,2.0,1254.0,39.0,-37.790259999999996,145.33738
ID970423634,11 Arden Ct,4,h,2162000.0,3/06/2017,2.0,3.0,794.0,69.0,-37.79172,145.05863
ID355235119,27 Wellington St,3,h,915000.0,22/07/2017,1.0,2.0,447.0,109.0,-37.792,144.86856
ID404996036,21D Yuille St,5,h,710000.0,26/08/2017,2.0,2.0,1670.0,19.0,-37.678129999999996,144.59292
ID980003556,44 The Parade,4,h,1850000.0,4/03/2017,3.0,1.0,478.0,119.0,-37.7729,144.9179
ID643534129,322 Young St,2,t,1050000.0,20/05/2017,1.0,1.0,87.0,19.0,-37.7959,144.9802
ID842749443,2/34 Linacre Rd,2,u,665000.0,20/05/2017,1.0,1.0,136.0,49.0,-37.9427,145.0052
ID792247648,28 Cranbrook St,3,h,826000.0,9/09/2017,2.0,2.0,492.0,2.0,-37.82413,144.87513
ID336425959,2/65 Bayswater Rd,2,u,420000.0,4/06/2016,1.0,1.0,0.0,49.0,-37.794000000000004,144.923
ID125256294,2/7 Oak St,3,u,660000.0,3/06/2017,1.0,1.0,234.0,24.0,-37.73506,145.03169
ID333695330,26 Innellan Rd,3,h,1220000.0,28/05/2016,1.0,2.0,735.0,59.0,-37.8943,145.0689
ID187723624,11 Foote St,4,h,4250000.0,4/03/2017,3.0,2.0,750.0,44.0,-37.8966,144.993
ID319378437,20 Wills St,3,h,1452000.0,6/05/2017,2.0,2.0,269.0,22.0,-37.854,145.0542
ID482468886,2/35 Boisdale St,2,u,825000.0,13/05/2017,1.0,2.0,180.0,49.0,-37.8351,145.10299999999995
ID707266276,15 Daylily Dr,4,h,965000.0,1/07/2017,2.0,2.0,576.0,49.0,-38.00293,145.16465
ID491891797,771 Rathdowne St,3,h,1950000.0,24/06/2017,1.0,1.0,309.0,109.0,-37.786590000000004,144.97211000000001
ID750734653,107 Moreland Rd,3,h,766000.0,8/10/2016,1.0,0.0,378.0,89.0,-37.7561,144.9716
ID466127289,40 Borva Dr,3,h,601200.0,27/06/2016,1.0,1.0,554.0,59.0,-37.7303,144.8636
ID427129734,30 Station St,3,h,1755000.0,4/02/2016,1.0,1.0,931.0,49.0,-37.854,145.1195
ID685764753,18b Marara Rd,2,h,1115000.0,22/08/2016,1.0,1.0,402.0,14.0,-37.8967,145.0313
ID371824722,69 Duke St,3,h,710000.0,29/04/2017,1.0,0.0,483.0,69.0,-37.7875,144.8456
ID260277738,30 Eastham St,2,h,875000.0,18/06/2016,1.0,0.0,106.0,11.0,-37.7823,144.9864
ID867140783,51 Home Rd,4,h,1082000.0,6/08/2016,3.0,2.0,233.0,8.0,-37.841,144.8874
ID354148057,40 Whimbrel Cr,4,h,647000.0,8/07/2017,2.0,4.0,688.0,17.0,-38.10984000000001,145.17061999999999
ID570943161,12 Ida Ct,3,h,539000.0,16/07/2016,1.0,1.0,474.0,59.0,-37.7086,144.9919
ID229330981,18/20 Florence Rd,3,u,736000.0,7/05/2016,1.0,2.0,195.0,99.0,-37.8287,145.1022
ID823272476,1/13 Mansfield St,2,u,525500.0,11/02/2017,1.0,1.0,724.0,44.0,-37.7564,145.0026
ID315546655,33 Baxter Av,3,h,875000.0,16/09/2017,1.0,3.0,534.0,49.0,-38.046659999999996,145.12354
ID349347649,26 Thomas St,3,h,1346000.0,10/12/2016,1.0,0.0,187.0,104.0,-37.8169,144.996
ID524042145,8/74 Marshall St,2,u,440000.0,4/03/2017,1.0,0.0,0.0,59.0,-37.7711,145.047
ID237370421,38B Livingstone St,4,h,895000.0,3/12/2016,2.0,2.0,661.0,49.0,-37.7246,144.9828
ID902812335,36 Kenny St,3,h,2251000.0,3/12/2016,1.0,2.0,888.0,69.0,-37.8002,145.0949
ID958698156,3/47 Southern Rd,2,h,510000.0,27/11/2016,1.0,1.0,174.0,59.0,-37.7433,145.0545
ID565469413,4 Waterdale Rd,4,h,2595000.0,28/05/2016,3.0,3.0,719.0,12.0,-37.7815,145.0403
ID810684637,5/113 Cecil St,1,u,597000.0,18/06/2016,1.0,1.0,0.0,19.0,-37.7941,144.9802
ID945223491,33 Whitby St,2,h,1005000.0,17/09/2016,1.0,1.0,284.0,93.0,-37.7646,144.9476
ID170492688,3/37 Highview Dr,3,u,910000.0,7/11/2016,2.0,2.0,299.0,18.0,-37.7929,145.1338
ID208390301,42 Warburton Rd,3,h,2200000.0,7/05/2016,3.0,2.0,468.0,129.0,-37.8264,145.0741
ID583664227,7 Coane St,4,h,1350000.0,19/11/2016,2.0,2.0,646.0,24.0,-37.7256,144.9383
ID411909564,11/39 Horne St,3,t,820000.0,12/11/2016,2.0,2.0,108.0,17.0,-37.8858,145.0012
ID919107941,19 Papworth Pl,3,h,510000.0,29/07/2017,1.0,1.0,670.0,59.0,-37.65168,144.91868
ID594242481,7/4 Small St,1,u,580000.0,8/07/2017,2.0,1.0,486.0,7.0,-37.93953,145.00096000000005
ID999033023,7 Cowley Ct,3,h,581000.0,17/06/2017,1.0,2.0,484.0,49.0,-37.78454,145.33073000000005
ID942564212,8/128 Park St,1,u,296000.0,6/05/2017,1.0,1.0,0.0,99.0,-37.7605,144.9071
ID769272854,5/19 Waratah St,3,u,597000.0,27/05/2017,1.0,1.0,126.0,24.0,-37.80962,144.86876999999996
ID569947888,10 Cecelia Dr,3,h,806000.0,27/05/2017,2.0,4.0,546.0,54.0,-37.747609999999995,144.8521
ID225004516,14 Emily St,3,h,1646000.0,11/03/2017,2.0,2.0,721.0,49.0,-37.8909,145.0648
ID827515466,1/28 Milton St,2,h,765000.0,4/03/2017,1.0,1.0,543.0,99.0,-37.8295,145.0774
ID291836117,4/83 Grange Rd,3,t,1550000.0,15/10/2016,2.0,2.0,117.0,19.0,-37.8343,145.0112
ID117628233,9 Hartington St,3,h,1051000.0,23/09/2017,2.0,2.0,913.0,69.0,-37.700720000000004,144.91662
ID178916688,4 Colston Cl,4,h,1250000.0,10/12/2016,2.0,2.0,780.0,49.0,-37.7955,145.139
ID381057022,34 Durham St,3,h,1601000.0,26/07/2016,1.0,1.0,872.0,59.0,-37.7618,145.0649
ID877782800,484 Waterdale Rd,3,h,915000.0,25/02/2017,1.0,1.0,748.0,69.0,-37.7416,145.0481
ID789120347,17 Weybridge St,3,h,2300000.0,27/06/2016,2.0,1.0,735.0,99.0,-37.8182,145.096
ID119038293,47 Hurtle St,2,h,940000.0,7/05/2016,1.0,1.0,330.0,115.0,-37.773,144.9049
ID186647855,1 Frogmore Rd,3,h,1600000.0,7/05/2016,2.0,2.0,751.0,96.0,-37.8945,145.0648
ID291234322,53 Hawthorn St,2,h,903000.0,15/10/2016,1.0,1.0,253.0,109.0,-37.7484,144.9521
ID788896725,4/61 Mayston St,1,u,560000.0,12/08/2017,1.0,1.0,803.0,59.0,-37.82689,145.05542
ID960506425,14 Thomson St,3,h,595000.0,15/10/2016,1.0,1.0,36.0,49.0,-37.7851,144.8434
ID115945460,4 Walter St,3,h,1045000.0,29/04/2017,2.0,3.0,526.0,29.0,-37.855,144.8742
ID269444370,10/68 Woornack Rd,1,u,260000.0,7/05/2016,1.0,1.0,0.0,51.0,-37.8983,145.0627
ID454355132,7 Batman St,3,h,1100000.0,27/05/2017,1.0,0.0,390.0,119.0,-37.79977,144.88887
ID861031846,36 Banool Rd,4,h,2440000.0,3/09/2016,3.0,2.0,596.0,89.0,-37.8154,145.0927
ID203016833,10/8 Anzac St,1,u,270000.0,30/07/2016,1.0,1.0,0.0,51.0,-37.885999999999996,145.0659
ID720849701,53 Moonya Rd,4,h,1423000.0,19/11/2016,3.0,4.0,838.0,54.0,-37.8972,145.0617
ID270092163,9 Gresford St,3,h,630000.0,10/12/2016,1.0,4.0,625.0,29.0,-37.7695,144.8347
ID679768667,1/3 Greig Ct,2,u,635000.0,22/07/2017,1.0,1.0,371.0,10.0,-37.87872,144.98893999999999
ID862047406,29 Hampden St,3,h,680000.0,27/11/2016,1.0,1.0,565.0,14.0,-37.7885,144.859
ID343217946,106 Outlook Dr,3,h,600000.0,22/05/2016,1.0,4.0,541.0,51.0,-37.7051,144.9069
ID397604887,2/42 Wattle Dr,3,h,677500.0,8/04/2017,1.0,2.0,245.0,49.0,-37.716,145.0769
ID694080795,53 River St,4,h,1260000.0,7/05/2016,1.0,3.0,757.0,59.0,-37.8411,144.889
ID195369828,3/44 Walsh St,3,u,2400000.0,3/06/2017,2.0,1.0,0.0,79.0,-37.8369,144.98514
ID375367171,2/37 Bonanza Rd,3,t,900000.0,29/07/2017,2.0,2.0,243.0,49.0,-37.98214,145.05175
ID204194077,3/50 Denbigh Rd,2,u,546000.0,30/07/2016,0.0,0.0,0.0,6.0,-37.8568,145.0161
ID495323162,5 Crew St,3,h,710000.0,19/11/2016,1.0,1.0,616.0,59.0,-37.7306,145.0854
ID687713480,56 Hillsyde Pde,3,h,1025000.0,7/05/2016,2.0,1.0,654.0,69.0,-37.7369,144.9251
ID953779503,2/5 Camperdown St,2,u,905000.0,15/10/2016,1.0,2.0,189.0,39.0,-37.9172,145.0072
ID384883905,6 Brooks St,3,h,700000.0,12/08/2017,1.0,4.0,658.0,79.0,-37.70711,144.97318
ID438198232,54 Dunstan Av,2,h,1110000.0,22/07/2017,1.0,0.0,196.0,97.0,-37.75815,144.97366
ID281340419,133 Yarra St,2,h,1190000.0,22/07/2017,2.0,1.0,147.0,19.0,-37.80269000000001,145.0001
ID951069460,9 Stewart St,3,h,820000.0,4/06/2016,1.0,1.0,274.0,94.0,-37.8968,145.075
ID382589890,6 Hayden Cr,3,h,613000.0,29/07/2017,1.0,2.0,465.0,39.0,-37.78141,144.82461999999995
ID259191492,5 Aroona Ct,3,h,1680000.0,22/07/2017,2.0,2.0,673.0,54.0,-37.76316,144.89799
ID688244621,24 Brooke St,2,h,2850000.0,18/03/2017,1.0,1.0,1777.0,89.0,-37.7676,145.0597
ID528426862,3/8 Mountain Gr,2,h,890000.0,10/12/2016,1.0,1.0,0.0,49.0,-37.8128,145.0588
ID240831619,129 Banksia St,3,h,1300000.0,8/07/2017,1.0,2.0,615.0,69.0,-37.75825,145.05438
ID397445376,3/14 Charles St,2,u,540000.0,15/07/2017,1.0,1.0,0.0,59.0,-37.85145,145.09107
ID325217196,1/54 Pender St,1,u,415000.0,8/07/2017,1.0,1.0,0.0,49.0,-37.75443,145.00919
ID798251137,20a Park Rd,3,h,1100000.0,14/05/2016,1.0,1.0,111.0,18.0,-37.8525,145.0071
ID763096489,4/95 Wilson St,2,u,760000.0,25/02/2017,1.0,2.0,0.0,19.0,-37.914,145.003
ID876181156,18 Grimwade Ct,3,h,528000.0,27/05/2017,2.0,1.0,525.0,6.0,-37.6507,145.04681000000005
ID126550517,33 Hannan St,4,h,2230000.0,10/09/2016,2.0,2.0,782.0,119.0,-37.8647,144.8867
ID358451107,7 Cartwright St,4,h,1350000.0,4/03/2017,2.0,2.0,590.0,64.0,-37.7151,144.9194
ID879377471,10 Hastings St,3,h,1460000.0,17/09/2016,1.0,2.0,742.0,69.0,-37.8529,145.0962
ID914650224,25 Morawa Dr,3,h,862000.0,22/07/2017,2.0,2.0,246.0,17.0,-37.928290000000004,145.19647
ID699933789,6 Brady St,3,h,1275000.0,18/03/2017,2.0,1.0,132.0,119.0,-37.821999999999996,145.0041
ID287686021,7/200 Albion St,2,u,585000.0,20/05/2017,1.0,1.0,430.0,13.0,-37.7609,144.9623
ID615738731,57 View St,3,h,596000.0,12/11/2016,1.0,3.0,624.0,49.0,-37.6967,144.9313
ID262816914,10/20 Cromwell Rd,1,u,410000.0,12/08/2017,1.0,1.0,0.0,59.0,-37.8446,145.00018
ID133647352,1/132 Pascoe Vale Rd,4,t,726000.0,22/05/2016,2.0,1.0,67.0,19.0,-37.760999999999996,144.9262
ID239238632,24 Garnsworthy St,3,h,752500.0,1/07/2017,1.0,2.0,623.0,69.0,-37.94106,145.16193
ID587887561,2/4 Collins St,3,u,775000.0,17/09/2016,1.0,1.0,211.0,39.0,-37.8275,145.1232
ID864653090,73 Belford Rd,3,h,1750000.0,4/03/2017,1.0,3.0,650.0,49.0,-37.7955,145.0473
ID415302566,409/216 Rouse St,2,u,665000.0,3/06/2017,2.0,1.0,1472.0,9.0,-37.840959999999995,144.93791000000004
ID513461093,11 Findon St,2,h,1036000.0,3/12/2016,1.0,1.0,310.0,109.0,-37.8717,145.0399
ID442733007,31 The Crescent,4,t,1200000.0,29/07/2017,2.0,2.0,304.0,12.0,-37.946329999999996,145.04946999999999
ID344871903,301/228 The Avenue,3,u,1560000.0,27/05/2017,2.0,1.0,2431.0,69.0,-37.78212,144.95755
ID672965391,10 Barilla Rd,3,t,935000.0,15/07/2017,2.0,2.0,280.0,34.0,-37.941109999999995,145.0431
ID676735768,12 Pacific Dr,4,h,840000.0,22/07/2017,2.0,2.0,383.0,59.0,-38.01958,145.12356
ID636068386,63 Thompsons Rd,4,h,1250000.0,18/03/2017,2.0,2.0,732.0,34.0,-37.7771,145.0855
ID181669736,1/33 Holyrood St,3,h,1460000.0,15/10/2016,2.0,2.0,413.0,49.0,-37.933,144.9975
ID708252103,9/723 Orrong Rd,2,u,655000.0,8/04/2017,1.0,1.0,1816.0,59.0,-37.8389,145.0141
ID172247824,38 Clarks Rd,4,h,847000.0,28/05/2016,3.0,2.0,579.0,39.0,-37.7368,144.8689
ID730503090,9 Beckley St,3,h,1370000.0,28/05/2016,1.0,1.0,563.0,89.0,-37.7493,144.97799999999995
ID526121537,22/3 Alfred Sq,1,u,520000.0,8/04/2017,1.0,1.0,2422.0,49.0,-37.8644,144.9741
ID736895250,76 Plymouth Rd,3,h,702500.0,12/08/2017,1.0,1.0,864.0,12.0,-37.78264,145.26447
ID706664109,7 Whitty St,2,h,555000.0,18/06/2016,1.0,1.0,254.0,49.0,-37.7881,144.8354
ID188701962,2/30 Caroline St,3,t,935000.0,10/09/2016,2.0,2.0,217.0,14.0,-37.7591,144.8923
ID823950678,31 Wordsworth St,4,h,1345000.0,18/06/2016,2.0,2.0,313.0,109.0,-37.7709,144.9288
ID610730297,7/32 Gardenia Rd,2,u,440000.0,18/06/2016,1.0,1.0,0.0,49.0,-37.8971,145.0093
ID119036675,16/60 Farnham St,2,u,450000.0,13/05/2017,1.0,1.0,0.0,49.0,-37.7826,144.9311
ID685261281,116 Cornwall Rd,3,h,620000.0,7/11/2016,1.0,1.0,376.0,10.0,-37.7831,144.842
ID212230587,16 Muriel Ct,3,h,825000.0,1/07/2017,2.0,5.0,537.0,59.0,-37.70047,145.02881000000005
ID305188765,1/6 Jepson St,3,t,1070000.0,13/05/2017,2.0,2.0,257.0,7.0,-37.813,144.8703
ID663825978,8 Kinkora Rd,4,h,2010000.0,24/06/2017,3.0,3.0,451.0,49.0,-37.81633,145.02833
ID947270067,33 Dalgety Dr,3,h,960000.0,10/12/2016,2.0,2.0,229.0,8.0,-37.7778,144.9065
ID684556206,1472 Dandenong Rd,2,h,750000.0,22/05/2016,2.0,2.0,607.0,69.0,-37.8964,145.0977
ID636637997,11 Sandpiper Pl,4,h,2440000.0,27/11/2016,3.0,3.0,500.0,14.0,-37.8638,144.8798
ID138981871,27 McMahons Rd,3,h,864000.0,4/06/2016,1.0,2.0,565.0,69.0,-37.7283,144.969
ID225493792,5/11 Albion St,2,u,497500.0,28/08/2016,0.0,0.0,0.0,91.0,-37.8739,144.9929
ID321553705,12A Almond St,2,h,997000.0,29/04/2017,1.0,2.0,311.0,94.0,-37.8895,145.0229
ID137628964,7 Kampman St,4,h,1300000.0,18/03/2017,2.0,2.0,744.0,34.0,-37.7791,145.086
ID961172746,188 Rachelle Rd,3,h,835000.0,8/04/2017,2.0,2.0,700.0,39.0,-37.7322,144.8722
ID742516239,11 Kerferd St,3,h,1610000.0,18/06/2016,1.0,2.0,569.0,69.0,-37.9419,145.01
ID359412955,2/57 Kingsville St,1,u,210000.0,18/03/2017,1.0,1.0,0.0,49.0,-37.81,144.8786
ID891430095,8 Dudley Pde,5,h,2350000.0,15/10/2016,2.0,4.0,838.0,109.0,-37.8252,145.0721
ID599856298,11/22 Brenbeal St,2,t,760000.0,10/12/2016,1.0,1.0,121.0,59.0,-37.8112,145.0881
ID351270019,182 Separation St,3,h,1050000.0,15/07/2017,1.0,2.0,530.0,79.0,-37.77062,145.00891000000001
ID831011771,3 Palermo St,3,h,2285000.0,15/10/2016,2.0,2.0,221.0,129.0,-37.8416,144.9959
ID620815122,509/33 MacKenzie St,2,u,390000.0,30/07/2016,1.0,1.0,1751.0,7.0,-37.8077,144.9668
ID425044005,27 Summerhill Rd,2,h,800000.0,9/09/2017,1.0,2.0,353.0,89.0,-37.79047,144.88289
ID623945175,159 Graham Rd,3,h,870000.0,22/08/2016,1.0,2.0,698.0,59.0,-37.7343,145.0837
ID205742758,9/12 Pascoe St,2,h,386000.0,7/05/2016,1.0,1.0,111.0,32.0,-37.7152,144.9349
ID659567182,4/24 Highbury Gr,2,u,525000.0,14/05/2016,1.0,1.0,0.0,49.0,-37.8054,145.0373
ID957440220,165 Osborne St,4,h,1630000.0,29/04/2017,2.0,2.0,260.0,13.0,-37.8657,144.8942
ID587767858,44 Bent St,3,h,1232000.0,3/06/2017,1.0,1.0,352.0,119.0,-37.76708,144.99624
ID769687719,3 Diosma Ct,3,h,1155000.0,3/09/2017,2.0,2.0,2405.0,39.0,-38.16457,145.12421
ID730138573,3 Walkers Rd,4,h,845000.0,3/06/2017,2.0,2.0,633.0,89.0,-38.0781,145.12429
ID505075325,20 Glenora Av,2,h,1150000.0,29/07/2017,1.0,2.0,1800.0,29.0,-37.79578,145.27461
ID772262597,167 Richardson St,3,h,1280000.0,22/08/2016,1.0,1.0,131.0,119.0,-37.7846,144.9704
ID201823200,58 London St,4,t,1155000.0,10/09/2016,3.0,2.0,271.0,9.0,-37.9252,145.0494
ID232484430,3A Blanche St,3,t,1308000.0,8/04/2017,1.0,2.0,125.0,29.0,-37.7953,144.9864
ID628577893,203 Munro St,4,h,1400000.0,18/06/2016,1.0,1.0,856.0,49.0,-37.7432,144.9481
ID386550460,1/373 South Rd,3,u,725000.0,8/04/2017,1.0,1.0,137.0,14.0,-37.9319,145.0282
ID784350665,349 Waverley Rd,5,h,1810000.0,10/09/2016,3.0,2.0,751.0,85.0,-37.8775,145.0622
ID228207414,4/69 Wattle Valley Rd,2,u,913000.0,8/04/2017,1.0,1.0,0.0,99.0,-37.8322,145.0816
ID347781337,89 Thames St,4,h,2770000.0,12/11/2016,1.0,2.0,715.0,69.0,-37.8135,145.1218
ID776878887,141 Summerhill Rd,3,h,750000.0,26/08/2017,1.0,2.0,232.0,99.0,-37.797,144.88173
ID300707640,3/7 Lilian St,3,t,1235000.0,27/05/2017,3.0,2.0,338.0,119.0,-37.827040000000004,145.16801
ID324447758,26 Milton St,3,h,932500.0,28/05/2016,2.0,1.0,254.0,119.0,-37.7738,144.9215
ID648747548,1/10 Wilton Gr,3,t,1350000.0,3/09/2016,2.0,2.0,1170.0,89.0,-37.8831,144.9801
ID451395648,42 Agg St,3,h,930000.0,10/12/2016,2.0,1.0,343.0,99.0,-37.8432,144.8764
ID490226373,2/28 Tivoli Pl,2,u,910000.0,28/08/2016,0.0,0.0,0.0,49.0,-37.8357,144.9859
ID271679642,1/4 Flowerdale Rd,3,u,865000.0,28/08/2016,2.0,2.0,317.0,17.0,-37.9431,145.0347
ID756353567,1/111 Nepean St,2,u,585000.0,15/07/2017,1.0,1.0,240.0,54.0,-37.712540000000004,145.09705
ID626906427,141 Cooper St,3,h,1990000.0,12/06/2016,2.0,2.0,1021.0,19.0,-37.7415,144.8987
ID469336222,38 MacGregor St,3,h,1837000.0,6/08/2016,2.0,1.0,769.0,99.0,-37.8799,145.0552
ID438950239,3 David Rd,4,h,1050000.0,27/05/2017,2.0,2.0,1529.0,19.0,-37.74113,145.22308999999996
ID611290289,47 Parkmore Rd,4,h,1370000.0,26/08/2017,3.0,3.0,605.0,89.0,-37.91487,145.06623000000005
ID505783583,4 Mary St,2,u,520000.0,24/09/2016,1.0,1.0,0.0,79.0,-37.7813,144.9773
ID423328783,641 Waverley Rd,3,h,2500000.0,12/08/2017,1.0,2.0,1128.0,69.0,-37.87923,145.08955
ID650599772,2/53 Caroline St,1,u,422000.0,4/03/2017,1.0,0.0,0.0,51.0,-37.836999999999996,144.9881
ID965029768,10 Castella Ct,3,h,450000.0,8/07/2017,1.0,1.0,702.0,49.0,-37.66059,144.92006
ID213621849,4 Glendora Av,4,h,2210000.0,12/08/2017,2.0,1.0,396.0,111.0,-37.88779,144.99933000000001
ID897290375,13 Baily St,4,h,1387000.0,24/06/2017,2.0,4.0,691.0,823.0,-37.86827,145.1452
ID431995396,1/24 Green St,3,h,1200000.0,28/05/2016,1.0,1.0,116.0,5.0,-37.8533,144.9913
ID430692391,139 Cole St,5,h,5500000.0,3/09/2017,5.0,2.0,830.0,79.0,-37.89544,145.00279
ID693816136,3 Crisp St,5,h,1652000.0,20/05/2017,2.0,1.0,697.0,99.0,-37.7459,144.9159
ID269066645,49 Romano Av,4,h,550000.0,8/07/2017,2.0,1.0,531.0,49.0,-37.65121,145.05404
ID540524385,1 Bahama Ct,4,h,1270000.0,3/06/2017,2.0,2.0,600.0,44.0,-37.83944,145.18641000000005
ID382618506,35 Walter St,3,h,730000.0,8/07/2017,1.0,6.0,609.0,59.0,-37.73106,144.80665
ID414365170,316 Liberty Pde,2,h,650000.0,8/04/2017,1.0,2.0,465.0,59.0,-37.7369,145.0371
ID763305429,8 Campbell St,3,h,1528500.0,4/03/2017,1.0,1.0,375.0,89.0,-37.8015,145.0505
ID311105656,5 Charlotte St,2,h,1000000.0,19/11/2016,1.0,2.0,159.0,139.0,-37.7962,144.9887
ID998542831,8 Sydenham St,3,h,1600000.0,27/05/2017,2.0,3.0,598.0,59.0,-37.95357,145.02651
ID673764809,6 Ashby Gr,5,h,1901000.0,10/09/2016,2.0,2.0,963.0,94.0,-37.7674,145.0518
ID983708161,133 MacEdon Rd,4,h,945000.0,18/06/2016,2.0,2.0,675.0,34.0,-37.764,145.1145
ID885469810,34 Princess St,3,h,1126000.0,18/03/2017,1.0,0.0,357.0,119.0,-37.8103,144.8962
ID680429594,816/300 Swanston St,1,u,400000.0,13/08/2016,1.0,1.0,0.0,14.0,-37.8106,144.9646
ID972191409,49 Rogerson St,3,h,795000.0,28/05/2016,1.0,1.0,549.0,59.0,-37.7644,144.8575
ID250990371,21 Edgewood St,3,h,1490000.0,22/08/2016,2.0,1.0,371.0,104.0,-37.8871,145.05200000000005
ID213787989,85 Clifton St,4,h,1400000.0,23/09/2017,2.0,1.0,629.0,10.0,-37.79241,145.10445
ID745916193,1/100 St Elmo Rd,2,u,450000.0,19/11/2016,1.0,1.0,0.0,59.0,-37.759,145.047
ID129266244,38 Yuruga Bvd,4,h,635000.0,16/09/2017,2.0,2.0,334.0,19.0,-37.90584000000001,144.74858
ID972266406,87 Orrong Rd,3,h,1750000.0,19/11/2016,2.0,2.0,517.0,119.0,-37.8813,145.0063
ID757586470,6/55 Provost St,2,u,640000.0,8/10/2016,2.0,1.0,0.0,13.0,-37.802,144.9459
ID303643089,5 Alder St,3,h,1460000.0,3/12/2016,1.0,2.0,451.0,59.0,-37.8874,145.019
ID519160369,11a Elm Gr,2,h,1102000.0,12/11/2016,1.0,2.0,318.0,109.0,-37.9011,145.0011
ID414602620,8/3 Miller St,2,t,750000.0,18/03/2017,2.0,2.0,0.0,17.0,-37.7761,144.9792
ID294633098,41 Lilian St,3,h,1160000.0,3/06/2017,1.0,1.0,603.0,129.0,-37.77173,145.09581
ID523375472,2/19 Eildon Rd,3,t,1400000.0,7/11/2016,2.0,2.0,128.0,17.0,-37.8624,144.9768
ID968611773,33 Ross St,4,h,1835000.0,28/05/2016,2.0,2.0,619.0,89.0,-37.8171,145.0934
ID530855038,45 Afton St,3,h,2050000.0,22/07/2017,2.0,6.0,402.0,19.0,-37.76027,144.88953999999995
ID929406588,60 Cummins Rd,3,h,1650000.0,26/08/2017,2.0,2.0,623.0,99.0,-37.92698,145.02673000000001
ID535688031,57 Wales St,3,h,925000.0,24/09/2016,1.0,1.0,275.0,99.0,-37.8085,144.8802
ID252786490,3 Harold St,4,h,1500000.0,15/10/2016,2.0,1.0,593.0,89.0,-37.8655,145.096
ID330076476,8 Mary St,4,h,1926000.0,17/06/2017,2.0,2.0,639.0,69.0,-37.798359999999995,145.10111
ID399428192,3 Bruthen St,3,h,1175000.0,1/07/2017,2.0,6.0,650.0,125.0,-37.9379,145.05456
ID460200393,16 Homebush Rd,3,h,630000.0,1/07/2017,2.0,2.0,397.0,12.0,-37.75107,144.78415
ID154561474,1 Rocke St,4,h,1300000.0,7/11/2016,1.0,1.0,586.0,74.0,-37.7726,145.0396
ID379676512,8 Crawford St,2,h,650000.0,22/05/2016,1.0,1.0,149.0,129.0,-37.8491,144.8903
ID921577387,7 Foxcroft Ct,3,h,511000.0,8/04/2017,2.0,2.0,519.0,44.0,-37.7997,144.7968
ID561284861,1/5 Little St,3,h,720000.0,6/08/2016,2.0,1.0,0.0,7.0,-37.8379,144.8583
ID628417846,142 Balwyn Rd,2,h,1850000.0,6/08/2016,1.0,1.0,1015.0,89.0,-37.8074,145.0826
ID937799166,46 Eglinton St,4,h,1525000.0,26/08/2017,3.0,1.0,233.0,49.0,-37.768840000000004,144.91708
ID505075965,12 Patterson Av,4,h,1702000.0,16/09/2017,1.0,1.0,762.0,59.0,-37.84162,145.10435
ID125680066,42 Shiers St,4,h,1950000.0,30/07/2016,2.0,3.0,589.0,99.0,-37.7719,145.0309
ID999434871,3 Penn Ct,3,h,605000.0,17/09/2016,1.0,2.0,531.0,54.0,-37.7022,144.9669
ID430083978,7 Grace St,4,h,2365000.0,29/04/2017,2.0,2.0,636.0,99.0,-37.8127,145.107
ID245642874,143 Cornwall Rd,3,h,460000.0,7/11/2016,1.0,1.0,306.0,10.0,-37.7807,144.842
ID816967822,5 Henry Rd,4,h,2020000.0,17/06/2017,2.0,2.0,1183.0,59.0,-37.87104,145.23807
ID523219028,45 Lynnwood Pde,5,h,1710000.0,11/03/2017,2.0,2.0,666.0,39.0,-37.7692,145.1253
ID466680913,78 Justin Av,2,h,805000.0,19/08/2017,1.0,4.0,712.0,49.0,-37.69994000000001,144.93489
ID480150916,86 Raglan St,3,h,1100000.0,22/08/2016,1.0,0.0,103.0,13.0,-37.8342,144.9456
ID927166060,10 Bennett St,4,h,1830000.0,19/11/2016,2.0,2.0,606.0,49.0,-37.7743,145.0316
ID379060203,9/11 Smith St,2,u,535000.0,1/07/2017,1.0,1.0,0.0,8.0,-37.79122,144.93175
ID946749203,30 Okeefe St,3,h,888500.0,27/11/2016,1.0,2.0,497.0,14.0,-37.7441,145.0154
ID380908738,122 McIntosh Rd,3,h,590000.0,23/04/2016,1.0,2.0,561.0,11.0,-37.8444,144.8491
ID704205074,4/30 Weir St,2,u,605000.0,4/06/2016,1.0,1.0,0.0,18.0,-37.8152,145.0843
ID800745056,16 Matilda Rd,4,h,947500.0,3/12/2016,2.0,2.0,609.0,59.0,-37.9416,145.058
ID944711583,2/94 Oriel Rd,3,t,550000.0,27/11/2016,1.0,1.0,139.0,49.0,-37.757,145.0382
ID798078346,14 Birk Ct,3,h,525000.0,27/06/2016,2.0,1.0,223.0,19.0,-37.704,144.8984
ID449818644,12 Nisbett St,3,h,546000.0,13/08/2016,1.0,2.0,592.0,59.0,-37.728,145.0352
ID911377569,178 Henry St,3,h,760000.0,3/06/2017,1.0,3.0,570.0,49.0,-37.70817,145.10028
ID150302292,8 Markhill Pl,4,h,1218000.0,27/05/2017,2.0,2.0,900.0,25.0,-37.87695,145.2547
ID614834549,4 Woolstone Cl,4,h,560000.0,24/09/2016,2.0,2.0,612.0,39.0,-37.7378,144.8264
ID858854844,2 Tregarron Av,4,h,2550000.0,12/08/2017,2.0,3.0,776.0,42.0,-37.80869000000001,145.06026
ID817980679,1/16 Osborne Av,2,t,965000.0,9/09/2017,2.0,1.0,704.0,39.0,-37.85698,145.04686
ID974106840,2/635 Malvern Rd,2,u,876000.0,4/03/2017,1.0,1.0,649.0,84.0,-37.8486,145.00799999999995
ID368235133,33 Clunes St,2,h,705500.0,30/07/2016,1.0,1.0,770.0,69.0,-37.7159,145.0389
ID159561321,17 Barclay Dr,3,h,877000.0,24/06/2017,1.0,2.0,533.0,54.0,-37.96257,145.08252
ID786420885,2/7 Gordon St,2,u,855000.0,12/11/2016,2.0,3.0,226.0,14.0,-37.9274,145.031
ID180332772,10 Cliff St,1,h,772000.0,28/08/2016,1.0,1.0,147.0,129.0,-37.7643,144.9584
ID684698931,34 Glenroy Rd,3,h,805000.0,8/07/2017,1.0,2.0,676.0,69.0,-37.70691,144.93498
ID846109587,48A Jupiter St,4,t,1410000.0,19/11/2016,2.0,3.0,342.0,14.0,-37.8957,145.0196
ID917664829,8 Meakin St,3,h,705000.0,27/05/2017,1.0,1.0,538.0,59.0,-37.70178,145.0851
ID688200908,4/2 Alfred St,2,u,830000.0,7/05/2016,1.0,1.0,727.0,19.0,-37.8503,144.9855
ID805739452,2b Rollo St,2,t,591000.0,7/11/2016,1.0,1.0,0.0,11.0,-37.721,144.9527
ID562891070,17 Goodman St,2,h,916000.0,24/09/2016,1.0,0.0,1328.0,129.0,-37.773,144.9568
ID155285586,34 Parker St,3,h,1210000.0,18/03/2017,1.0,1.0,794.0,59.0,-37.7569,145.1179
ID606333263,114 Beavers Rd,3,h,1000000.0,24/06/2017,1.0,1.0,188.0,39.0,-37.76592,144.99265
ID572649795,23 Byron St,3,h,1520000.0,20/05/2017,2.0,1.0,362.0,119.0,-37.8772,144.9904
ID211780585,17 Roberts St,2,h,1220000.0,29/07/2017,1.0,1.0,459.0,11.0,-37.76695,144.98203999999996
ID719440270,37 Godfrey St,4,h,2700000.0,4/06/2016,3.0,2.0,628.0,19.0,-37.9155,145.0401
ID938211229,15 Grey St,4,h,2115000.0,19/08/2017,2.0,2.0,766.0,64.0,-37.80455,145.06478
ID494223877,31 Third St,5,h,2520000.0,3/06/2017,3.0,2.0,947.0,49.0,-37.97956,145.02303
ID414991967,19 Balcombe St,3,h,555000.0,4/06/2016,1.0,1.0,565.0,79.0,-37.7781,144.8451
ID269089821,156 Maidstone St,3,h,660000.0,7/05/2016,1.0,1.0,602.0,64.0,-37.8616,144.8116
ID968288384,2/15 Liverpool St,3,t,805000.0,14/05/2016,2.0,1.0,268.0,19.0,-37.9196,145.0691
ID438702177,700 Rathdowne St,4,h,2175000.0,7/05/2016,1.0,0.0,418.0,99.0,-37.7808,144.9736
ID630572741,46 Barkly St,4,h,1500000.0,26/08/2017,3.0,2.0,557.0,99.0,-38.003409999999995,145.08773
ID316821902,20 Rowell St,5,h,1101500.0,3/09/2016,2.0,1.0,629.0,59.0,-37.7395,145.0773
ID432318621,21 Pacific Dr,3,h,710000.0,10/12/2016,1.0,1.0,594.0,49.0,-37.7385,145.0409
ID983634405,15a Dickens St,3,u,1096000.0,28/08/2016,2.0,2.0,292.0,79.0,-37.9273,145.0324
ID397978203,10/24 Eldridge St,2,u,316000.0,27/06/2016,1.0,1.0,0.0,59.0,-37.789,144.8932
ID707487740,206 Nott St,2,h,1130000.0,22/05/2016,1.0,1.0,159.0,7.0,-37.8356,144.9436
ID608638344,14 Illoura St,3,h,601000.0,27/06/2016,1.0,1.0,653.0,19.0,-37.7163,145.08700000000005
ID517214528,42 Hutchinson St,2,u,710000.0,8/04/2017,1.0,3.0,225.0,93.0,-37.9243,145.0497
ID719536654,87 Hope St,3,t,955000.0,11/02/2017,2.0,2.0,327.0,12.0,-37.7636,144.9559
ID281727321,1/1 Perry St,4,t,1105000.0,30/07/2016,2.0,2.0,220.0,4.0,-37.9387,145.0398
ID767470102,164 Maidstone St,3,h,635000.0,14/05/2016,1.0,4.0,625.0,59.0,-37.8611,144.8114
ID149222863,62 Powell Dr,3,h,557000.0,15/07/2017,1.0,2.0,577.0,44.0,-37.88505,144.69423
ID398030084,4/33 Ballarat Rd,3,t,585000.0,3/09/2016,1.0,1.0,259.0,49.0,-37.7955,144.9063
ID278906131,5 Livingston St,3,h,570000.0,27/05/2017,1.0,3.0,531.0,69.0,-37.7572,144.76093
ID208488199,3/926 Toorak Rd,2,u,717000.0,4/06/2016,1.0,1.0,136.0,59.0,-37.8469,145.0589
ID179483936,9 Appleby Ct,3,h,717500.0,26/08/2017,1.0,1.0,554.0,34.0,-37.78514000000001,144.84561000000005
ID697335900,3/136 Derby St,2,t,585500.0,19/08/2017,1.0,1.0,100.0,7.0,-37.7249,144.9474
ID442329927,33 Rainsford Tce,3,h,445000.0,20/05/2017,1.0,2.0,534.0,6.0,-37.6741,144.9698
ID501485471,2/12 Blenheim St,2,u,495000.0,8/10/2016,1.0,1.0,96.0,59.0,-37.9102,145.0709
ID669483867,780 Brunswick St,3,h,1371000.0,10/09/2016,1.0,1.0,197.0,119.0,-37.7835,144.9816
ID939865715,87 Silver St,3,h,842000.0,3/06/2017,1.0,1.0,960.0,49.0,-37.709,145.14131
ID194645406,14/12 Fitzroy St,1,u,350000.0,1/07/2017,1.0,1.0,0.0,14.0,-37.8614,144.97406999999995
ID351984725,7 Flowerdale Rd,3,h,2100000.0,7/05/2016,2.0,2.0,904.0,79.0,-37.856,145.0705
ID755396636,8/54 Narong Rd,1,u,305000.0,8/04/2017,1.0,1.0,750.0,54.0,-37.8678,145.0197
ID172655185,54 Alamein Rd,2,h,580000.0,15/07/2017,1.0,2.0,498.0,64.0,-37.737590000000004,145.04236
ID526648845,3/77 River St,3,u,791500.0,24/09/2016,2.0,2.0,0.0,14.0,-37.8189,145.0131
ID565352449,16 Foster Rd,4,h,1060000.0,26/08/2017,2.0,2.0,842.0,39.0,-37.70562,145.16611
ID988186493,266 Warrigal Rd,4,h,1050000.0,24/06/2017,2.0,2.0,624.0,59.0,-37.91489,145.08441000000005
ID903026368,14/410 Waverley Rd,3,t,922000.0,10/09/2016,2.0,2.0,0.0,19.0,-37.8782,145.0649
ID308791175,3/595 Burke Rd,2,t,775000.0,27/11/2016,2.0,1.0,103.0,59.0,-37.8406,145.0545
ID784856441,15 Davey St,3,h,948000.0,12/11/2016,1.0,2.0,384.0,69.0,-37.8167,145.1373
ID318689684,140 Woodland St,3,h,1650000.0,24/06/2017,3.0,2.0,698.0,49.0,-37.742459999999994,144.92074
ID463003845,5/254 Booran Rd,4,t,1197000.0,27/06/2016,2.0,2.0,144.0,13.0,-37.9021,145.0357
ID776221397,217 Huntingdale Rd,4,h,1126000.0,8/04/2017,1.0,1.0,656.0,69.0,-37.8696,145.1111
ID166906196,22/49 Walsh St,1,u,567500.0,19/11/2016,1.0,1.0,0.0,49.0,-37.8368,144.9848
ID355961793,34 Quinn St,3,h,1125000.0,30/07/2016,1.0,2.0,0.0,69.0,-37.7502,145.0718
ID299436933,1/77 Wattletree Rd,2,u,660000.0,4/03/2017,1.0,1.0,0.0,24.0,-37.8619,145.0257
ID399188886,2 Tennyson St,4,h,2001000.0,15/10/2016,2.0,2.0,526.0,109.0,-37.8771,145.0505
ID619799970,60 Cramer St,3,h,910000.0,14/05/2016,1.0,1.0,486.0,64.0,-37.7395,144.9966
ID364084376,3/48 Deakin St,3,u,700000.0,22/04/2017,1.0,1.0,227.0,14.0,-37.7496,144.892
ID963777561,17 Diorite Ct,1,h,860000.0,26/08/2017,1.0,2.0,472.0,39.0,-37.74061,144.87462
ID856858217,76 Byron St,3,h,1238000.0,11/02/2017,2.0,1.0,116.0,23.0,-37.8789,144.9836
ID703643651,31 Primula St,5,h,1555000.0,23/09/2017,2.0,2.0,602.0,39.0,-37.80425,145.14477
ID753496327,16 Bailey Av,4,h,4060000.0,26/08/2017,2.0,1.0,574.0,109.0,-37.86325,145.02421999999999
ID156754609,165 Morris St,3,h,591500.0,30/07/2016,1.0,2.0,427.0,79.0,-37.7925,144.8282
ID457546217,38/99 Oxford St,3,u,1470000.0,16/04/2016,2.0,2.0,0.0,139.0,-37.8037,144.9846
ID219509646,70 Derinya Dr,4,h,1350000.0,23/09/2017,2.0,2.0,2716.0,59.0,-38.17488,145.1234
ID582231807,18 Kingston St,4,h,2400000.0,12/11/2016,2.0,2.0,663.0,119.0,-37.9323,145.0137
ID216751413,37/12 Copelen St,2,t,1050000.0,17/06/2017,1.0,1.0,0.0,19.0,-37.83543,144.99907
ID768153632,16b Regent St,3,t,1511000.0,24/09/2016,2.0,2.0,496.0,7.0,-37.9237,145.0075
ID493128057,97 Park St,2,t,817000.0,23/09/2017,2.0,1.0,336.0,129.0,-37.83401,144.96653999999995
ID413600736,25 Hesleden St,5,h,2050000.0,12/08/2017,3.0,3.0,663.0,89.0,-37.74351,144.92174
ID704090221,5/15 Bulla Rd,2,u,415500.0,22/04/2017,1.0,1.0,82.0,49.0,-37.743,144.9084
ID907471837,71 Hamilton Rd,5,h,1355000.0,23/09/2017,3.0,5.0,44500.0,74.0,-37.453920000000004,144.58864
ID266487565,18 Claude St,2,h,1035000.0,4/03/2017,1.0,0.0,140.0,99.0,-37.7709,144.9964
ID710822897,5D MacKie Rd,3,t,950000.0,17/06/2017,2.0,2.0,163.0,61.0,-37.9217,145.0733
ID136980463,2 Hazel Gr,2,h,915000.0,3/12/2016,1.0,3.0,629.0,44.0,-37.7312,144.9399
ID729976766,382 Wellington St,2,h,855000.0,12/11/2016,1.0,0.0,130.0,129.0,-37.7953,144.9882
ID751705232,94 Wattle Av,4,h,603500.0,16/09/2017,2.0,4.0,650.0,25.0,-37.90336,144.67918
ID835186695,10 Rhonda St,4,h,1340000.0,19/08/2017,2.0,2.0,800.0,49.0,-37.88859,145.13335
ID934770781,59 Tambet St,4,t,1160000.0,6/08/2016,2.0,2.0,321.0,13.0,-37.914,145.0714
ID281884941,27 Kensley Cct,4,h,492000.0,24/06/2017,2.0,2.0,479.0,10.0,-37.57005,144.91908999999995
ID489734380,6 West St,3,u,806000.0,17/06/2017,1.0,2.0,319.0,49.0,-37.82275,145.1764
ID710792352,49 Christowel St,5,h,2600000.0,3/12/2016,4.0,1.0,708.0,79.0,-37.8386,145.067
ID759144911,31 Hardwick St,3,h,885000.0,18/06/2016,1.0,2.0,255.0,99.0,-37.7493,144.9701
ID628263946,20 Mingana Rd,4,h,1060000.0,16/09/2017,2.0,3.0,729.0,49.0,-37.857279999999996,145.24839
ID136234788,6/15 Shakespeare Gr,2,u,805000.0,3/06/2017,1.0,1.0,0.0,54.0,-37.82258,145.0193
ID844338668,8 Jones St,2,t,765000.0,3/06/2017,2.0,1.0,77.0,12.0,-37.7617,144.96406000000005
ID539107774,13 Victory Pde,3,h,1370000.0,27/05/2017,2.0,2.0,566.0,109.0,-37.7801,144.90976
ID478970017,1 Rogers St,5,h,1485000.0,27/05/2017,2.0,2.0,720.0,44.0,-37.98439000000001,145.06812
ID248331010,2/24 Selwood St,1,u,375000.0,20/05/2017,1.0,1.0,0.0,59.0,-37.8362,145.0543
ID250082348,5 Ireland St,3,h,782500.0,17/06/2017,2.0,2.0,603.0,16.0,-38.09088,145.12933999999996
ID743620533,82 Gowanbrae Dr,4,h,945000.0,17/06/2017,2.0,4.0,474.0,19.0,-37.70626,144.89551
ID564170050,4 Barnes Cr,3,h,630000.0,15/07/2017,1.0,5.0,626.0,34.0,-37.80099000000001,144.81178
ID829862848,1/48 Mathoura Rd,2,u,650000.0,13/05/2017,1.0,0.0,0.0,29.0,-37.8454,145.0076
ID500286017,2A Kerr St,3,t,881000.0,19/08/2017,1.0,1.0,300.0,59.0,-37.81156,145.14057
ID619724673,4/505 St Kilda St,2,t,710000.0,29/07/2017,1.0,1.0,0.0,39.0,-37.88465,144.99177
ID270475559,29 Livingstone St,3,h,805000.0,1/07/2017,2.0,2.0,296.0,59.0,-37.72495,144.98348000000001
ID239788088,1/1 Clifton Rd,3,u,935000.0,10/12/2016,2.0,1.0,144.0,44.0,-37.8435,145.0497
ID714750170,837 Canterbury Rd,3,h,857000.0,28/05/2016,1.0,1.0,492.0,89.0,-37.8283,145.1195
ID428836273,22 Duke St,4,h,2170000.0,17/06/2017,2.0,2.0,697.0,109.0,-37.86015,145.07735
ID639435853,102 Palmerston St,4,h,405000.0,24/06/2017,2.0,2.0,590.0,49.0,-37.67815,144.58355
ID756387741,11 Howell Pl,3,h,585000.0,14/05/2016,2.0,2.0,631.0,49.0,-37.7934,144.8467
ID311714875,48 Charles St,2,h,1343000.0,6/05/2017,1.0,1.0,263.0,7.0,-37.777,144.99200000000005
ID875496690,7 Cavalier Ct,3,h,573000.0,27/05/2017,2.0,2.0,637.0,29.0,-37.64097,145.05757
ID568309037,48 Leinster Gr,3,h,920000.0,17/09/2016,1.0,2.0,410.0,99.0,-37.7604,144.9877
ID208372165,3/22 Holyrood St,3,t,1140000.0,26/07/2016,2.0,2.0,224.0,20.0,-37.9336,144.997
ID215951675,25 Williams Rd,3,h,707000.0,13/08/2016,2.0,3.0,556.0,69.0,-37.7305,144.9605
ID719361647,47 Margaret St,2,h,1055000.0,18/03/2017,1.0,1.0,292.0,15.0,-37.7642,144.9195
ID954253356,308/15 Pickles St,3,u,800000.0,24/06/2017,1.0,2.0,0.0,11.0,-37.84426,144.94415
ID408294352,21 Wisewould St,2,h,855000.0,10/12/2016,1.0,0.0,225.0,89.0,-37.7849,144.9197
ID581473141,310/71 Henry St,1,u,395000.0,24/06/2017,1.0,1.0,2592.0,29.0,-37.79609,144.92608
ID852635297,16/124 Caroline St,1,u,450000.0,11/02/2017,1.0,0.0,0.0,49.0,-37.8332,144.9901
ID985365424,3 Dunster Ct,5,h,1015000.0,29/07/2017,2.0,2.0,836.0,27.0,-37.98873,145.27018999999999
ID198341292,7 Ballantyne St,3,h,1450000.0,26/08/2017,1.0,1.0,312.0,56.0,-37.7587,144.99966
ID553796005,5/171 Fitzroy St,2,u,690000.0,12/06/2016,1.0,0.0,0.0,18.0,-37.8579,144.981
ID953406318,8/25 Omama Rd,1,u,295000.0,29/07/2017,1.0,1.0,0.0,49.0,-37.89022,145.07333
ID394132156,14 Morris St,4,h,1955000.0,29/04/2017,2.0,2.0,1033.0,54.0,-37.7929,145.1184
ID396613909,16 Reading Cl,3,h,537000.0,15/07/2017,2.0,2.0,640.0,25.0,-37.63799,144.92924
ID622125969,14/125 Ormond Rd,2,u,800000.0,20/05/2017,2.0,2.0,0.0,18.0,-37.8857,144.9884
ID386349577,8 Cedar Ct,3,h,880000.0,8/07/2017,2.0,2.0,504.0,13.0,-37.94043,145.09313999999995
ID505534434,6/14 Athelstane Gr,2,u,587000.0,12/11/2016,1.0,1.0,721.0,59.0,-37.7634,145.0406
ID325029338,19 Perry St,3,h,1575000.0,7/11/2016,2.0,3.0,430.0,23.0,-37.8613,144.8939
ID798221492,1/72 Purinuan Rd,3,t,620000.0,3/12/2016,2.0,2.0,207.0,13.0,-37.7086,145.0251
ID192775993,9 John St,4,h,1625000.0,7/05/2016,2.0,2.0,822.0,129.0,-37.7749,144.9762
ID192497442,6/14 Woorigoleen Rd,3,u,1350000.0,12/08/2017,2.0,1.0,187.0,79.0,-37.84297,145.01819
ID544499821,2/282 Riversdale Rd,1,u,320000.0,12/11/2016,1.0,1.0,0.0,54.0,-37.8303,145.046
ID798515012,83 Princes St,2,h,720000.0,7/05/2016,1.0,1.0,117.0,129.0,-37.793,144.9728
ID963845976,160 Overport Rd,3,h,860000.0,24/06/2017,2.0,3.0,4780.0,59.0,-38.18255,145.11986000000005
ID993719407,1 Ashdown Ct,3,h,671000.0,26/08/2017,1.0,2.0,418.0,89.0,-37.66349,145.03391000000005
ID349347649,26 Thomas St,3,h,1346000.0,10/12/2016,1.0,0.0,187.0,104.0,-37.8169,144.996
ID781230982,46 Sadie St,4,h,655000.0,24/09/2016,1.0,2.0,695.0,44.0,-37.6985,144.9441
ID687289903,52 Hunter St,2,h,1150000.0,27/11/2016,1.0,0.0,156.0,119.0,-37.8209,145.0052
ID921074553,9/11 Parring Rd,2,u,805000.0,6/08/2016,1.0,1.0,209.0,44.0,-37.8125,145.0901
ID801157208,16 Jacaranda Rd,3,h,1408000.0,3/06/2017,2.0,1.0,658.0,51.0,-37.90618,145.16995
ID141379874,14 Norfolk Av,4,h,935000.0,16/09/2017,3.0,2.0,540.0,39.0,-37.82782,145.22506
ID309236348,76 Daley St,2,h,605000.0,16/09/2017,1.0,6.0,589.0,39.0,-37.69708,144.92967
ID805577050,132 Franklin St,3,h,830000.0,12/08/2017,2.0,1.0,817.0,49.0,-37.72276,145.15316
ID760593564,6A Thistle St,4,h,1600000.0,20/05/2017,1.0,2.0,600.0,133.0,-37.8327,145.0976
ID531518552,34 Hooker Rd,3,h,471500.0,22/07/2017,1.0,2.0,530.0,7.0,-37.89415,144.64143
ID538356178,8 Norma Ct,3,h,850000.0,3/09/2016,1.0,1.0,593.0,49.0,-37.7677,144.8674
ID842574093,19 Osborne Av,4,h,749000.0,8/07/2017,2.0,2.0,561.0,49.0,-37.68269,144.88601
ID718194659,23 Chappell Pl,4,h,830000.0,22/08/2016,2.0,2.0,686.0,24.0,-37.7394,144.8628
ID145165420,1/60 The Parade,2,u,690000.0,22/05/2016,1.0,1.0,0.0,119.0,-37.7728,144.9169
ID579163094,366 Williamstown Rd,4,h,2105000.0,3/12/2016,2.0,3.0,611.0,79.0,-37.8349,144.9266
ID617839036,10 William St,1,h,1435000.0,8/10/2016,2.0,1.0,144.0,119.0,-37.8564,145.0228
ID835223381,6 Muir St,4,h,1220000.0,17/06/2017,1.0,2.0,633.0,69.0,-37.94578,145.03564
ID195814492,6/36 Auburn Gr,2,u,500000.0,8/04/2017,1.0,1.0,710.0,59.0,-37.8259,145.0483
ID839176648,340 Yallambie Rd,3,h,602500.0,13/08/2016,2.0,2.0,586.0,49.0,-37.7279,145.1017
ID222236869,10 Plover Cl,3,h,634000.0,23/09/2017,1.0,1.0,586.0,59.0,-38.14738,145.16653
ID691519012,18 Timins St,3,h,650000.0,1/07/2017,3.0,1.0,852.0,59.0,-37.586890000000004,144.72865
ID724797957,67 Ballarat Rd,2,h,646000.0,13/08/2016,1.0,2.0,270.0,119.0,-37.7871,144.8791
ID808501401,4/170 Oxford St,3,u,950000.0,4/03/2017,2.0,1.0,15900.0,19.0,-37.8035,144.985
ID570360466,13 Kallista Rd,3,h,760000.0,15/07/2017,1.0,1.0,593.0,59.0,-37.95743,145.14625
ID660290241,16 Border Dr,3,h,703000.0,3/09/2016,2.0,2.0,683.0,24.0,-37.7402,144.8591
ID238917096,39 First Av,3,h,412250.0,22/07/2017,1.0,2.0,592.0,34.0,-37.700559999999996,144.57125
ID790516473,13/209 Hotham St,2,u,520000.0,28/05/2016,1.0,1.0,0.0,48.0,-37.8788,144.9974
ID410206835,79 Aitken St,3,h,1000000.0,18/03/2017,1.0,2.0,189.0,49.0,-37.8643,144.9043
ID890206536,6/57 Ormond Esp,2,u,955000.0,4/03/2017,1.0,1.0,2925.0,10.0,-37.8867,144.9836
ID992993170,2/16 Beaver St,3,t,1370000.0,22/08/2016,2.0,2.0,323.0,49.0,-37.8704,145.0411
ID168074995,13 Eveline St,4,h,480000.0,19/08/2017,2.0,2.0,312.0,4.0,-37.56857,144.91693999999995
ID466391579,254 Neerim Rd,2,h,1350000.0,6/08/2016,2.0,2.0,265.0,99.0,-37.8881,145.0537
ID790031275,9/88 Marshall St,2,u,480000.0,3/09/2016,1.0,1.0,0.0,69.0,-37.77,145.0472
ID614834549,4 Woolstone Cl,4,h,560000.0,24/09/2016,2.0,2.0,612.0,39.0,-37.7378,144.8264
ID289179506,1/65 Ashburn Gr,4,t,1250000.0,27/11/2016,2.0,2.0,321.0,12.0,-37.8693,145.08
ID275866322,20 Botanic Dr,3,h,745000.0,17/06/2017,2.0,2.0,180.0,54.0,-37.93898,145.13648
ID296296502,36 Kennedy St,3,h,1300000.0,17/09/2016,1.0,4.0,746.0,9.0,-37.9198,145.0787
ID266184607,12 Prospect St,2,h,1430000.0,8/10/2016,1.0,1.0,711.0,6.0,-37.755,144.8848
ID236906272,48 Vine St,4,h,1200000.0,16/09/2017,1.0,1.0,455.0,99.0,-37.76913,144.93236000000005
ID408171926,3 Colthur St,3,h,650000.0,10/09/2016,1.0,3.0,620.0,59.0,-37.7099,144.9938
ID362781689,506/220 Commercial Rd,3,u,1400000.0,4/06/2016,2.0,2.0,0.0,99.0,-37.847,144.9936
ID111667259,7 Relowe Cr,5,h,2750000.0,9/09/2017,5.0,2.0,1235.0,3.0,-37.80563,145.10304
ID778520412,21 Grandview Tce,4,h,1800000.0,17/09/2016,2.0,2.0,586.0,79.0,-37.7933,145.0343
ID261735243,8 Rutland St,3,h,960000.0,30/07/2016,1.0,1.0,645.0,69.0,-37.736,144.8809
ID502176890,115 Lorne St,2,h,830000.0,22/07/2017,1.0,1.0,779.0,69.0,-37.71532,144.96508
ID380377535,8/131 Grange Rd,1,u,260000.0,13/05/2017,1.0,1.0,1162.0,54.0,-37.8911,145.0451
ID232622703,9 Manchester St,2,h,1682000.0,24/06/2017,1.0,1.0,264.0,109.0,-37.8285,145.04022
ID799427193,26 Brewster St,4,h,1965000.0,4/03/2017,2.0,4.0,704.0,39.0,-37.7509,144.9219
ID822203621,22 Saxon St,4,h,1050000.0,7/05/2016,2.0,2.0,317.0,24.0,-37.7815,145.1279
ID983776815,1/5 Webb St,3,t,1067000.0,7/05/2016,0.0,1.0,0.0,19.0,-37.9119,144.9871
ID827788983,7A Alfada St,2,h,1225000.0,12/11/2016,1.0,2.0,284.0,79.0,-37.8958,145.0215
ID792281652,36A Warrigal Rd,3,h,1400000.0,24/06/2017,2.0,2.0,259.0,12.0,-37.9905,145.06999
ID569947888,10 Cecelia Dr,3,h,806000.0,27/05/2017,2.0,4.0,546.0,54.0,-37.747609999999995,144.8521
ID189062810,48 Bedford St,3,h,872500.0,8/04/2017,1.0,1.0,594.0,69.0,-37.7203,144.8757
ID454112069,23 Uvadale Gr,5,h,3800000.0,6/05/2017,5.0,3.0,609.0,49.0,-37.8064,145.0451
ID852668084,8 Kalang Rd,3,h,922000.0,27/05/2017,1.0,1.0,584.0,59.0,-37.710159999999995,144.9215
ID370188464,9 Hounslow Grn,5,h,1150000.0,24/06/2017,5.0,4.0,688.0,13.0,-37.74281,144.72513
ID433343267,12/881 Park St,1,u,300000.0,7/11/2016,1.0,0.0,0.0,59.0,-37.7763,144.947
ID494455193,30 Astley St,4,h,1050000.0,27/05/2017,2.0,1.0,973.0,16.0,-37.72082,145.12027
ID283950111,17 Gilbert Ct,3,h,1000000.0,8/07/2017,2.0,2.0,1088.0,2.0,-37.89385,145.23848
ID945171015,46 Sesame St,5,h,2248000.0,15/07/2017,5.0,2.0,729.0,3.0,-37.86582,145.14824
ID178703975,3/20 Briggs St,4,t,970000.0,24/06/2017,2.0,2.0,196.0,823.0,-37.89456,145.11388
ID169871091,30 Sherwin St,3,h,601000.0,29/07/2017,2.0,1.0,972.0,23.0,-37.51232,145.13282
ID153352827,5/361 Royal Pde,1,u,401000.0,19/11/2016,1.0,1.0,0.0,129.0,-37.7852,144.9589
ID291787046,151 Chambers Rd,3,h,900000.0,1/07/2017,1.0,2.0,672.0,59.0,-37.8265,144.84386
ID546731020,106/246 Union Rd,3,u,790000.0,24/09/2016,2.0,1.0,0.0,99.0,-37.7722,144.9163
ID321946892,3/20 Loch St,2,t,599000.0,24/09/2016,2.0,1.0,76.0,79.0,-37.7474,144.9621
ID888285929,3/413 Gilbert Rd,1,u,305000.0,10/12/2016,1.0,1.0,41.0,64.0,-37.7367,144.9899
ID282548436,14/129 Kambrook Rd,2,u,655000.0,13/05/2017,1.0,1.0,0.0,54.0,-37.8806,145.0346
ID545714311,5 Sims St,3,h,708000.0,13/05/2017,1.0,2.0,321.0,69.0,-37.7242,144.9424
ID912823818,375 South Rd,5,h,1200000.0,7/05/2016,2.0,5.0,775.0,99.0,-37.931999999999995,145.0284
ID386550460,1/373 South Rd,3,u,725000.0,8/04/2017,1.0,1.0,137.0,14.0,-37.9319,145.0282
ID225082628,24/18 Station Rd,2,u,415000.0,15/10/2016,1.0,1.0,0.0,39.0,-37.857,144.891
ID696694829,2 Headley St,3,h,780000.0,18/06/2016,1.0,2.0,677.0,6.0,-37.7297,144.9648
ID332701608,59 Staughton Rd,4,h,1802000.0,28/05/2016,3.0,2.0,394.0,39.0,-37.8523,145.0603
ID777381522,4 Warren Rd,3,h,1295000.0,3/09/2017,2.0,2.0,657.0,61.0,-37.95499,145.06775
ID359231422,174 Beaconsfield Pde,4,h,1310000.0,27/06/2016,2.0,1.0,355.0,7.0,-37.7636,144.9872
ID981106865,2/107 Station St,2,u,700000.0,3/06/2017,1.0,1.0,251.0,44.0,-37.84738,145.11997
ID149136481,8 Haines St,3,h,1340000.0,4/03/2017,1.0,0.0,83.0,39.0,-37.7987,144.9497
ID461503971,129 Roberts St,5,h,1137500.0,22/05/2016,3.0,4.0,446.0,69.0,-37.8146,144.8692
ID789912850,7 Neville St,4,h,970000.0,10/12/2016,2.0,4.0,659.0,69.0,-37.7467,144.8683
ID855485695,23 McShane Dr,4,h,740000.0,3/12/2016,2.0,2.0,558.0,49.0,-37.7311,144.8257
ID944601075,27 Vauxhall Rd,4,h,1900000.0,28/05/2016,2.0,1.0,537.0,80.0,-37.7763,145.0117
ID718726062,60 Gibdon St,2,h,1005000.0,3/12/2016,1.0,0.0,0.0,24.0,-37.8301,145.0103
ID331963887,2/2 Bellevue Tce,2,u,495000.0,7/05/2016,1.0,2.0,205.0,29.0,-37.7317,144.9313
ID125035552,11/5 Industry La,2,u,485000.0,16/04/2016,2.0,1.0,0.0,139.0,-37.7367,144.9701
ID349451148,2 Matilda Rd,3,h,1090500.0,3/06/2017,2.0,2.0,347.0,64.0,-37.94274,145.05783
ID337863825,13/9 The Strand,3,u,650000.0,24/09/2016,1.0,1.0,0.0,69.0,-37.7606,144.9236
ID967975989,26 Buninyong St,3,h,1370000.0,20/05/2017,2.0,2.0,389.0,44.0,-37.8181,144.8882
ID150246318,38 Speight St,2,h,820000.0,6/05/2017,1.0,1.0,342.0,79.0,-37.8425,144.8766
ID143122653,29 Wickham Rd,3,h,1300000.0,28/05/2016,2.0,2.0,586.0,69.0,-37.9431,145.0274
ID618683141,33a River St,4,h,1375000.0,6/08/2016,2.0,2.0,58.0,12.0,-37.817,145.0135
ID180302669,5 Boronia St,6,h,1650000.0,28/05/2016,3.0,2.0,713.0,91.0,-37.8328,145.10399999999996
ID466739781,68 Bamfield Rd,3,h,725000.0,19/11/2016,1.0,2.0,580.0,64.0,-37.738,145.0563
ID339015096,72 Arnold Dr,4,h,1040000.0,22/07/2017,2.0,2.0,1134.0,49.0,-37.89496,145.23404
ID295773014,9 South Rd,3,h,961000.0,1/07/2017,1.0,2.0,717.0,69.0,-37.72274,144.88002
ID265703370,95 Wanda St,4,h,1001000.0,12/08/2017,2.0,7.0,771.0,4.0,-37.92862,145.16664
ID369362323,6 John St,4,h,1100000.0,13/08/2016,1.0,2.0,633.0,19.0,-37.802,144.889
ID403874048,11 Bruce St,3,h,638000.0,17/06/2017,1.0,2.0,679.0,54.0,-37.67304,145.03396999999995
ID535688031,57 Wales St,3,h,925000.0,24/09/2016,1.0,1.0,275.0,99.0,-37.8085,144.8802
ID555900635,22 Santolin Dr,4,h,600000.0,15/07/2017,2.0,3.0,715.0,20.0,-37.69787,144.75082
ID641076334,319/350 Victoria St,2,u,645000.0,7/05/2016,1.0,1.0,0.0,59.0,-37.8055,144.9547
ID563076376,4/332 South Rd,2,u,472000.0,25/02/2017,1.0,1.0,215.0,12.0,-37.933,145.0322
ID266487565,18 Claude St,2,h,1035000.0,4/03/2017,1.0,0.0,140.0,99.0,-37.7709,144.9964
ID411127151,14 Wardrop Gr,3,h,1605000.0,1/07/2017,1.0,0.0,507.0,8.0,-37.77124,145.002
ID683447519,44 Greig St,2,h,1750000.0,27/11/2016,1.0,1.0,162.0,139.0,-37.8416,144.9488
ID349892978,11 Church St,3,t,2700000.0,12/06/2016,2.0,2.0,294.0,9.0,-37.8503,145.0292
ID230521837,1/7 Harold St,3,t,550000.0,22/08/2016,2.0,2.0,212.0,9.0,-37.7073,144.9277
ID275295421,1/4 Chatham St,3,h,1205000.0,15/10/2016,2.0,2.0,0.0,89.0,-37.7826,144.9261
ID438516371,3/10 Greenham St,2,t,520000.0,1/07/2017,1.0,1.0,126.0,10.0,-37.78775,144.87446
ID372205989,75 MacPherson St,2,h,885000.0,8/04/2017,1.0,0.0,267.0,129.0,-37.7961,144.89
ID890690050,19/1295 Toorak Rd,2,u,430000.0,4/06/2016,1.0,1.0,0.0,8.0,-37.8493,145.0877
ID858955925,20 Dalston Rd,3,h,1340000.0,3/12/2016,1.0,1.0,705.0,99.0,-37.8994,145.0816
ID802195933,3 Evelyn St,3,h,1015000.0,13/05/2017,2.0,1.0,511.0,84.0,-37.7377,144.9911
ID924233688,30 College Pde,4,h,2590000.0,18/03/2017,2.0,2.0,660.0,91.0,-37.8124,145.0361
ID367218465,23 William St,3,h,1377000.0,22/08/2016,1.0,2.0,314.0,129.0,-37.8202,145.0404
ID972646957,3 Terrara Ct,4,h,1290000.0,24/06/2017,2.0,2.0,407.0,16.0,-37.85028,145.18787
ID245112398,2/25 Birdwood St,2,u,495000.0,4/06/2016,1.0,1.0,76.0,39.0,-37.91,145.0842
ID241367504,2/5 Mines Rd,2,u,609000.0,27/05/2017,1.0,2.0,190.0,49.0,-37.80551,145.24589
ID763165393,46 Davey St,3,h,940000.0,17/06/2017,2.0,2.0,454.0,69.0,-37.99443,145.0885
ID572662368,23A Wentworth Dr,3,t,502000.0,22/07/2017,2.0,2.0,198.0,15.0,-37.695029999999996,144.77868999999995
ID676060343,15 Randell Ct,4,h,865000.0,17/06/2017,2.0,2.0,612.0,6.0,-37.65478,145.05199
ID386648285,20 Charles St,6,h,2300000.0,14/05/2016,2.0,2.0,0.0,99.0,-37.8519,145.091
ID435320200,49 Northumberland Rd,3,h,710000.0,22/08/2016,1.0,1.0,610.0,79.0,-37.7719,144.8414
ID327754935,4/193 Brighton Rd,2,u,480000.0,3/06/2017,1.0,1.0,1210.0,51.0,-37.8785,144.99316000000005
ID517689968,113 Grange Rd,6,h,2800000.0,1/07/2017,2.0,2.0,581.0,3.0,-37.83195,145.01215
ID135908926,61 Mooltan St,3,h,1257000.0,13/08/2016,2.0,1.0,337.0,89.0,-37.7813,144.9371
ID235642054,2/2 Roberts St,3,h,960000.0,22/04/2017,2.0,1.0,411.0,29.0,-37.7544,144.8986
ID657762881,3/68 Northernhay St,2,t,568000.0,12/11/2016,1.0,1.0,120.0,59.0,-37.7239,145.0083
ID958465960,11/201 Graham St,2,t,779000.0,24/09/2016,1.0,1.0,0.0,59.0,-37.8396,144.9391
ID638540143,27 Middle St,3,h,730000.0,10/12/2016,1.0,2.0,570.0,49.0,-37.7106,144.9491
ID939745923,1/4 Box Rd,3,h,590000.0,27/05/2017,1.0,2.0,392.0,39.0,-37.70433,145.12184
ID356954048,15 Morilla Ct,3,h,690000.0,9/09/2017,2.0,2.0,2189.0,34.0,-37.50624000000001,144.58133999999995
ID719536654,87 Hope St,3,t,955000.0,11/02/2017,2.0,2.0,327.0,12.0,-37.7636,144.9559
ID137279358,44 Lind St,5,h,1485000.0,18/06/2016,2.0,4.0,502.0,7.0,-37.7317,144.9177
ID219707824,68 Nyah St,3,h,1001000.0,17/06/2017,1.0,2.0,605.0,41.0,-37.73137,144.86882
ID834782462,82 Radford Rd,3,h,690000.0,8/07/2017,1.0,2.0,514.0,59.0,-37.703309999999995,144.9838
ID797292679,7/113 Punt Rd,1,u,350000.0,29/04/2017,1.0,0.0,0.0,44.0,-37.8508,144.984
ID659825051,7 Barrington Dr,4,h,1540000.0,29/07/2017,2.0,3.0,668.0,49.0,-37.86096,145.10026000000005
ID513240041,18 Albert Pl,3,t,802000.0,15/07/2017,2.0,2.0,251.0,21.0,-37.98146,145.11715
ID810046055,54 Rosslyn Av,3,h,725000.0,15/07/2017,1.0,1.0,769.0,39.0,-38.118,145.13015
ID842148967,2/20 Talmage St,2,t,340000.0,29/07/2017,1.0,1.0,100.0,39.0,-37.77956,144.82519
ID439861095,50 Major Rd,1,h,515000.0,12/08/2017,1.0,0.0,173.0,79.0,-37.70745,144.97046
ID448023108,1 Tamar Dr,4,h,355000.0,3/06/2017,2.0,1.0,766.0,39.0,-37.69791,144.5807
ID609865998,220 Roberts St,3,h,1005000.0,15/07/2017,1.0,2.0,451.0,139.0,-37.81796,144.8681
ID275302440,1 Joan St,3,h,575000.0,17/09/2016,1.0,2.0,686.0,69.0,-37.7901,144.8068
ID648177159,59 Hertford Rd,2,h,825000.0,15/10/2016,1.0,3.0,580.0,61.0,-37.7818,144.8393
ID117454909,2 Goodwin St,3,h,1390000.0,9/09/2017,2.0,3.0,698.0,74.0,-37.81231,145.1642
ID769526109,2 Arbor Tce,4,h,1155000.0,4/06/2016,2.0,2.0,569.0,11.0,-37.7654,144.8655
ID716577692,49 Napoleon St,3,h,845000.0,14/05/2016,1.0,4.0,596.0,94.0,-37.791,144.8658
ID922826557,4/49 Seymour Rd,3,t,1200000.0,22/07/2017,1.0,2.0,1405.0,54.0,-37.88065,145.01112
ID920734327,1/26 York St,3,t,595000.0,20/05/2017,1.0,2.0,258.0,18.0,-37.7047,144.9087
ID662931136,5/23 Daisy St,2,u,411000.0,12/11/2016,1.0,1.0,0.0,69.0,-37.7547,144.9107
ID881384027,40 Tarneit Rd,3,h,597000.0,29/07/2017,1.0,1.0,672.0,6.0,-37.89402000000001,144.66276000000005
ID193520152,16 Jacana Ct,5,h,1310000.0,12/08/2017,2.0,2.0,627.0,19.0,-37.88478,145.10244
ID974846015,19 Hedderwick St,4,h,1250000.0,25/02/2017,2.0,2.0,644.0,69.0,-37.7997,145.0993
ID648696430,1 Bruce St,4,h,1655000.0,12/08/2017,2.0,4.0,651.0,111.0,-37.90296,145.02261000000001
ID332701608,59 Staughton Rd,4,h,1802000.0,28/05/2016,3.0,2.0,394.0,39.0,-37.8523,145.0603
ID534753530,22 Moreton Cr,3,h,814000.0,3/09/2017,1.0,2.0,542.0,49.0,-37.70861,145.05691000000004
ID367215372,7 Leicester St,3,h,1121000.0,8/04/2017,2.0,3.0,604.0,94.0,-37.7438,144.9971
ID475957561,109 Waverley St,4,h,1515000.0,8/04/2017,2.0,3.0,574.0,109.0,-37.7644,144.9061
ID467339039,8 Blackwood Pde,2,h,686000.0,8/10/2016,1.0,2.0,650.0,59.0,-37.7446,145.0404
ID452807863,23 Morotai Pde,2,h,520000.0,22/05/2016,1.0,2.0,594.0,29.0,-37.7471,145.0427
ID201444125,37 Wellington St,4,h,4000000.0,19/08/2017,2.0,3.0,792.0,114.0,-37.809259999999995,145.0331
ID371455682,3A Homebush Ct,3,h,777000.0,22/07/2017,2.0,2.0,502.0,42.0,-37.82268,145.25058
ID788968145,4/71 Station Rd,2,t,400000.0,8/07/2017,1.0,1.0,102.0,7.0,-37.711220000000004,144.91863
ID160959967,2/58 Moore St,3,t,865000.0,7/11/2016,2.0,2.0,263.0,11.0,-37.7546,144.9713
ID501896477,19 Audley St,4,h,1136000.0,18/03/2017,3.0,1.0,420.0,99.0,-37.7501,144.96200000000005
ID940384126,2 Addison St,3,h,1370000.0,16/04/2016,1.0,2.0,427.0,10.0,-37.7702,144.9266
ID420142966,1/32 Sutherland St,3,h,545000.0,12/11/2016,2.0,3.0,230.0,19.0,-37.7073,144.9486
ID865444966,5/38 MacFarlan St,2,u,722000.0,3/09/2016,1.0,1.0,0.0,16.0,-37.8393,144.9886
ID407177263,28 Roydon St,3,t,1150000.0,22/08/2016,2.0,1.0,0.0,14.0,-37.9355,145.0276
ID391471594,92 Pine St,2,u,625500.0,26/08/2017,1.0,2.0,343.0,59.0,-37.71626,144.99866
ID618340094,28/122 High St,2,u,425000.0,25/02/2017,2.0,1.0,1485.0,9.0,-37.7476,145.0026
ID762197209,47 Warburton Rd,3,h,1680000.0,17/09/2016,2.0,1.0,325.0,109.0,-37.826,145.0729
ID133917265,1/209 Purinuan Rd,2,t,652000.0,13/05/2017,2.0,2.0,254.0,12.0,-37.7071,145.0108
ID456738853,10 Arthur St,3,h,865000.0,27/05/2017,2.0,2.0,677.0,59.0,-37.72361,144.9837
ID127571913,7 Morrow St,3,h,910000.0,22/08/2016,1.0,2.0,717.0,69.0,-37.7525,144.9321
ID408289194,30 Ashton St,3,h,731000.0,3/12/2016,1.0,2.0,779.0,69.0,-37.7292,145.0214
ID482468886,2/35 Boisdale St,2,u,825000.0,13/05/2017,1.0,2.0,180.0,49.0,-37.8351,145.10299999999995
ID808440087,7/5 Alfriston St,2,u,680000.0,27/11/2016,1.0,1.0,0.0,59.0,-37.8753,144.9902
ID515284461,7 Maidstone St,2,h,1030000.0,27/05/2017,1.0,1.0,743.0,6.0,-37.8732,144.81331
ID275441422,9/15 De Carle St,1,u,272500.0,4/06/2016,1.0,1.0,0.0,49.0,-37.762,144.9647
ID691597920,5/97 Oshanassy St,2,u,591500.0,17/09/2016,1.0,1.0,0.0,89.0,-37.8004,144.9465
ID316932447,13 Pixel Cct,3,h,625000.0,10/09/2016,1.0,2.0,104.0,5.0,-37.7307,144.9826
ID120664953,11 Milfay Ct,3,h,1651000.0,27/11/2016,1.0,2.0,657.0,59.0,-37.7895,145.0985
ID386271303,16 Joffre St,3,t,1515000.0,18/06/2016,2.0,2.0,318.0,89.0,-37.8447,145.0916
ID290478586,54 South St,5,h,1905000.0,18/03/2017,2.0,2.0,521.0,80.0,-37.7778,144.9261
ID951713632,371 Princes Hwy,3,h,650000.0,22/07/2017,1.0,1.0,603.0,49.0,-37.96318,145.18962
ID309660474,13 Somers St,3,h,1317500.0,4/06/2016,1.0,1.0,576.0,74.0,-37.9149,145.0254
ID384531898,128 Atherton Rd,2,h,1010000.0,4/03/2017,1.0,2.0,553.0,81.0,-37.9001,145.0981
ID453125413,2/195 Clarke St,2,u,692000.0,25/02/2017,1.0,1.0,0.0,7.0,-37.7765,144.9984
ID897828953,205/72 Altona St,1,u,400000.0,27/05/2017,1.0,1.0,0.0,11.0,-37.79741,144.92614
ID689866629,1/91 Truganini Rd,2,u,620000.0,3/06/2017,1.0,2.0,158.0,49.0,-37.89267,145.05473999999995
ID299485122,16 Coronation St,3,h,1270000.0,20/05/2017,1.0,1.0,526.0,119.0,-37.7735,144.9445
ID726205680,153/73 River St,2,u,560000.0,28/05/2016,2.0,1.0,0.0,15.0,-37.8189,145.0131
ID247925493,4 Toorang Ct,4,h,435000.0,15/07/2017,2.0,2.0,553.0,14.0,-38.08699,145.48273
ID543848159,328 Carrick Dr,5,h,675000.0,17/06/2017,2.0,2.0,565.0,44.0,-37.68302,144.89327
ID898353121,14 Berringa St,3,h,570000.0,24/06/2017,1.0,2.0,537.0,59.0,-38.14264,145.14684
ID852128668,192 Edwardes St,2,h,1700000.0,18/03/2017,1.0,6.0,1041.0,49.0,-37.7152,144.997
ID242080074,13 McKay St,3,h,1150000.0,8/10/2016,1.0,0.0,176.0,119.0,-37.8116,145.0042
ID399800510,29 Seves St,3,h,1280000.0,24/06/2017,1.0,1.0,798.0,49.0,-37.86677,144.83722
ID857976816,8 Howqua Ct,4,h,1260000.0,23/09/2017,2.0,3.0,682.0,46.0,-37.84454,145.18881000000005
ID253285647,1/96 Cooper St,4,t,970000.0,17/06/2017,2.0,2.0,0.0,16.0,-37.74541,144.89844
ID441854385,160 Cornwall Rd,3,h,1001000.0,4/03/2017,1.0,5.0,879.0,69.0,-37.7796,144.8426
ID385023522,1 Pell St,4,h,1384000.0,15/07/2017,3.0,2.0,631.0,39.0,-37.9108,145.07908
ID310431179,6 Priscilla Ct,4,h,1150000.0,19/08/2017,2.0,2.0,842.0,49.0,-37.85733,145.22616000000005
ID478935179,10 Menzies St,5,h,760000.0,8/07/2017,2.0,2.0,622.0,59.0,-37.782070000000004,144.85342
ID633285339,1 Highgate St,4,h,985500.0,13/05/2017,1.0,5.0,445.0,42.0,-37.8228,144.8769
ID543489901,4/81 Rosanna Rd,3,u,620000.0,4/03/2017,1.0,1.0,215.0,34.0,-37.7509,145.0698
ID149712814,1/29 Margaret St,3,t,770000.0,16/07/2016,2.0,2.0,264.0,10.0,-37.722,144.9192
ID663978898,12/27 Dickens St,2,u,855000.0,4/03/2017,1.0,1.0,1966.0,59.0,-37.8725,144.9848
ID248672069,50 Carlisle Rd,5,h,1100000.0,17/06/2017,3.0,2.0,836.0,18.0,-37.8801,145.26011
ID189342207,136A Fulham Rd,3,h,1492000.0,4/03/2017,2.0,2.0,411.0,6.0,-37.7713,145.0279
ID923667676,16 Sandover Dr,4,h,570000.0,3/09/2017,2.0,2.0,504.0,19.0,-37.61419,144.93448
ID823032634,41 Horace St,4,h,3800000.0,13/08/2016,3.0,2.0,587.0,3.0,-37.8613,145.0393
ID227293330,54 Davies St,2,h,1075000.0,17/09/2016,1.0,0.0,311.0,89.0,-37.7572,144.9687
ID788587751,5/30 College St,2,h,716000.0,3/06/2017,1.0,1.0,0.0,49.0,-37.89438,145.00851
ID673459255,28 The Avenue,4,h,2550000.0,27/05/2017,2.0,2.0,726.0,94.0,-37.931670000000004,145.00134
ID405742423,111 Ramu Pde,3,h,722000.0,25/02/2017,1.0,2.0,593.0,69.0,-37.7386,145.0387
ID487332900,6 Speight St,4,h,1280000.0,16/07/2016,2.0,1.0,458.0,89.0,-37.8427,144.879
ID591646776,63 Russell St,3,h,1580000.0,27/05/2017,1.0,2.0,586.0,109.0,-37.83133,145.1006
ID541698745,1/9 Binnie St,2,u,817500.0,3/09/2017,1.0,1.0,111.0,94.0,-37.92416,145.00658
ID606320534,21 Balfour Av,5,h,1825000.0,19/08/2017,3.0,2.0,779.0,44.0,-37.83015,145.24171
ID858082355,10 Balgonie Pl,2,h,1001000.0,17/06/2017,1.0,0.0,166.0,69.0,-37.7702,144.99987
ID658183897,25/52 Fitzroy St,1,u,392000.0,12/11/2016,1.0,1.0,0.0,17.0,-37.8599,144.9766
ID212906905,23 Catalina St,2,h,620000.0,16/04/2016,1.0,2.0,668.0,69.0,-37.7389,145.0393
ID621849250,2/705 Barkly St,3,u,347000.0,7/11/2016,1.0,1.0,0.0,54.0,-37.7964,144.8672
ID125845041,5/12 Schofield St,2,u,450000.0,24/09/2016,1.0,1.0,0.0,49.0,-37.745,144.915
ID706009131,7 MacKay St,3,t,1463000.0,23/09/2017,2.0,2.0,15.0,21.0,-37.84969,145.00056999999995
ID664324490,12/238 The Avenue,3,u,1360000.0,3/12/2016,2.0,1.0,0.0,10.0,-37.7818,144.9576
ID702210218,66 McNamara St,4,h,1148000.0,12/08/2017,1.0,2.0,552.0,79.0,-37.728790000000004,144.98538
ID301356059,3/34 Bute St,1,u,290000.0,15/10/2016,1.0,1.0,0.0,99.0,-37.8956,145.0705
ID115583560,3/9 Clapham Rd,2,u,472000.0,22/07/2017,1.0,1.0,0.0,49.0,-37.89369,145.08354
ID119291600,2/50 Tower Rd,2,h,335000.0,15/07/2017,1.0,1.0,190.0,39.0,-37.90423,144.67008
ID660364535,7 Longview St,3,h,792000.0,24/09/2016,1.0,2.0,582.0,49.0,-37.724000000000004,144.9333
ID156625775,525a Neerim Rd,4,h,1800000.0,28/05/2016,2.0,2.0,990.0,16.0,-37.8916,145.0753
ID211082718,1/12 Pascoe St,2,u,360000.0,30/07/2016,1.0,1.0,119.0,79.0,-37.7161,144.9348
ID674643854,7 Bateman Cl,3,h,630000.0,9/09/2017,2.0,2.0,504.0,23.0,-37.79691,144.7669
ID351576645,75 Woods St,4,h,1620000.0,14/05/2016,3.0,1.0,425.0,4.0,-37.8456,144.8741
ID478489413,815 Heidelberg Rd,3,h,2000000.0,15/10/2016,3.0,2.0,686.0,15.0,-37.78,145.0341
ID682887530,11/97 Brickworks Dr,2,u,410000.0,4/06/2016,1.0,1.0,0.0,19.0,-37.7695,144.9528
ID247358606,28 Newry St,3,h,1280000.0,27/05/2017,1.0,1.0,185.0,69.0,-37.82488,145.00642
ID838009862,13 Naroo St,4,h,1800000.0,8/10/2016,2.0,2.0,577.0,71.0,-37.8032,145.0693
ID955749198,31 Belgrove St,3,h,1186000.0,28/05/2016,1.0,1.0,713.0,59.0,-37.7436,145.0191
ID856084363,86 Clauscen St,3,h,1710000.0,24/09/2016,2.0,0.0,357.0,139.0,-37.7778,144.9824
ID138127909,5 Byron Ct,3,h,650000.0,8/07/2017,2.0,2.0,1103.0,43.0,-37.78695,145.32513
ID199663646,17 Cooper St,3,h,1365000.0,7/05/2016,1.0,1.0,754.0,4.0,-37.7528,144.8967
ID753605903,30 Kinsale St,3,h,851500.0,22/08/2016,1.0,1.0,0.0,89.0,-37.7217,144.9954
ID756578714,96A Through Rd,3,h,1861000.0,13/05/2017,2.0,2.0,324.0,129.0,-37.8418,145.0916
ID311489671,8/359 Balaclava Rd,1,u,290000.0,10/12/2016,1.0,1.0,952.0,49.0,-37.8744,145.0371
ID251257830,3 Speers Ct,4,h,1600000.0,19/08/2017,2.0,2.0,4168.0,19.0,-37.746109999999994,145.17835
ID699088674,4/6 Crefden St,2,u,360000.0,23/04/2016,2.0,1.0,0.0,69.0,-37.7776,144.8723
ID783317021,2/660 Canterbury Rd,3,t,820000.0,3/06/2017,2.0,2.0,277.0,3.0,-37.835809999999995,145.19801999999999
ID476169229,19 Hanke Rd,3,h,1450000.0,3/12/2016,1.0,1.0,638.0,49.0,-37.7912,145.1248
ID956858141,122 Nicholson St,4,h,3200000.0,12/08/2017,4.0,0.0,225.0,157.0,-37.80209,144.97443
ID552773310,13/200 Westgarth St,1,u,400000.0,27/11/2016,1.0,1.0,0.0,5.0,-37.7831,145.0124
ID176870305,39 Lockwoods Rd,3,h,642000.0,1/07/2017,2.0,2.0,968.0,69.0,-37.846740000000004,145.29351
ID437612124,43 Kingsley Rd,3,h,865000.0,10/09/2016,1.0,3.0,560.0,69.0,-37.721,144.9885
ID524777331,47 Youngman St,2,h,800000.0,20/05/2017,1.0,1.0,405.0,84.0,-37.7356,145.0087
ID917963332,11 McComas Gr,7,h,1642000.0,27/05/2017,4.0,2.0,765.0,69.0,-37.85103,145.11231999999995
ID984942327,3/40 Rowland St,2,u,891000.0,28/05/2016,1.0,1.0,121.0,10.0,-37.8126,145.0534
ID779029197,1/23 Aintree Rd,2,u,550000.0,7/05/2016,1.0,1.0,0.0,51.0,-37.8567,145.0435
ID937799166,46 Eglinton St,4,h,1525000.0,26/08/2017,3.0,1.0,233.0,49.0,-37.768840000000004,144.91708
ID285895563,21 Wurruk Av,4,h,990000.0,15/07/2017,2.0,2.0,500.0,59.0,-37.7324,145.00621999999996
ID334734536,28 Guildford Rd,3,h,2009000.0,3/09/2016,1.0,2.0,843.0,19.0,-37.821999999999996,145.0897
ID646506121,2 Donna St,3,h,532000.0,26/08/2017,1.0,2.0,474.0,26.0,-38.10429,145.17178
ID512688184,4 Pacific Pl,3,h,760000.0,22/07/2017,3.0,2.0,654.0,8.0,-37.69394000000001,144.7795
ID461381811,32 Richelieu St,5,h,1030000.0,30/07/2016,2.0,2.0,352.0,6.0,-37.7908,144.8711
ID660389798,4/54 Yarra St,2,u,375000.0,17/09/2016,1.0,1.0,0.0,49.0,-37.8504,144.8924
ID843475823,106 Parer Rd,3,h,790000.0,18/03/2017,1.0,3.0,614.0,24.0,-37.7194,144.8827
ID797575910,11 Keeshan Ct,3,h,683500.0,7/11/2016,1.0,1.0,530.0,64.0,-37.8594,144.817
ID788158376,12 Youngman St,2,h,780000.0,8/10/2016,1.0,3.0,475.0,69.0,-37.7351,145.0066
ID705807712,24 Abraham Dr,4,h,720000.0,27/05/2017,2.0,3.0,879.0,119.0,-37.79079,145.30208000000005
ID158793428,2/25 Fernhill St,2,u,960000.0,15/07/2017,1.0,1.0,229.0,29.0,-37.876059999999995,145.15951
ID550244851,6/108 Walpole St,3,u,620000.0,28/05/2016,1.0,1.0,0.0,49.0,-37.7978,145.0333
ID193143657,96 Roden St,3,h,2370000.0,4/06/2016,3.0,2.0,265.0,139.0,-37.8073,144.9481
ID861389485,52a Leinster Gr,3,t,910500.0,16/04/2016,2.0,2.0,157.0,9.0,-37.759,144.988
ID887324726,71 Augustine Tce,3,h,760000.0,29/07/2017,1.0,4.0,625.0,69.0,-37.69912,144.90996
ID265416836,126 Heath St,3,h,3705000.0,27/11/2016,2.0,2.0,214.0,5.0,-37.8341,144.9458
ID173009114,60 Brooke St,2,h,1000000.0,12/11/2016,1.0,0.0,288.0,19.0,-37.8407,144.9523
ID371777473,55 View St,4,h,2000000.0,18/06/2016,2.0,1.0,626.0,90.0,-37.8197,145.1106
ID834830089,2/16 Stapley Cr,2,h,510000.0,22/07/2017,1.0,1.0,170.0,18.0,-37.83658,144.86199
ID804061499,114 Reynard St,3,h,1064000.0,8/10/2016,2.0,1.0,417.0,79.0,-37.7478,144.9583
ID253235137,2/1073 Centre Rd,4,h,651000.0,7/05/2016,2.0,2.0,214.0,9.0,-37.9244,145.0883
ID172551457,6/12 Neville St,3,u,740000.0,4/03/2017,2.0,1.0,258.0,20.0,-37.9244,145.0547
ID449713503,31 Buchan St,4,h,560000.0,3/09/2017,3.0,2.0,572.0,11.0,-37.65465,144.92182
ID931036406,7b Nathan Pl,3,h,1540000.0,7/11/2016,2.0,1.0,138.0,19.0,-37.8556,144.995
ID773520237,29 Thomas St,5,h,3075000.0,17/09/2016,2.0,2.0,830.0,118.0,-37.9386,145.006
ID335601394,42 Hunter St,2,h,860000.0,15/10/2016,2.0,0.0,74.0,19.0,-37.8207,145.0053
ID248688154,1/59 Parker St,3,t,766000.0,18/03/2017,1.0,1.0,226.0,59.0,-37.7567,145.1209
ID526130031,33 McLaurin Rd,3,h,1420000.0,17/09/2016,2.0,2.0,554.0,49.0,-37.8934,145.0599
ID561690073,2/96 Porter Rd,3,h,740600.0,4/06/2016,2.0,2.0,337.0,89.0,-37.7375,145.0586
ID478489413,815 Heidelberg Rd,3,h,2000000.0,15/10/2016,3.0,2.0,686.0,15.0,-37.78,145.0341
ID505575122,371 Station St,3,h,1031000.0,17/06/2017,1.0,2.0,612.0,69.0,-37.76063,145.02139
ID308266055,46 Kingston St,3,h,900500.0,28/08/2016,1.0,1.0,208.0,49.0,-37.8145,144.8804
ID574996377,45 Roseberry St,2,h,1335000.0,17/09/2016,1.0,0.0,229.0,119.0,-37.8265,145.0484
ID707306675,41 Roseberry St,2,h,1700000.0,19/08/2017,1.0,1.0,223.0,129.0,-37.82649,145.0483
ID230064308,17 Inverness Rd,3,h,620000.0,24/06/2017,1.0,4.0,2385.0,89.0,-37.79977,145.37222
ID991556966,26a Fawkner St,3,h,760000.0,7/11/2016,1.0,1.0,321.0,79.0,-37.757,144.89600000000004
ID492587418,89 Stockmans Wy,2,t,841000.0,19/08/2017,1.0,1.0,105.0,14.0,-37.79244,144.92036000000004
ID477775552,20 Hope Pl,3,h,640000.0,8/07/2017,2.0,2.0,531.0,29.0,-37.87899,144.75625
ID306319961,5/25 Hobart Rd,1,u,261000.0,22/04/2017,1.0,1.0,0.0,59.0,-37.8867,145.0699
ID288338474,21 Russell St,4,t,1425000.0,8/10/2016,2.0,2.0,154.0,21.0,-37.8298,145.0537
ID395095754,3/88 Grosvenor St,1,u,280000.0,7/05/2016,1.0,1.0,0.0,54.0,-37.8733,144.997
ID628505599,13/220 Barkly St,2,u,610500.0,8/04/2017,2.0,1.0,2920.0,13.0,-37.8709,144.9807
ID298295377,148 West St,4,h,600500.0,10/09/2016,2.0,1.0,462.0,49.0,-37.7062,144.9387
ID361143695,14 The Avenue,3,h,540000.0,9/09/2017,2.0,2.0,362.0,14.0,-37.6366,145.07226
ID325392047,51 Bay St,4,h,2800000.0,15/07/2017,3.0,2.0,498.0,119.0,-37.90396,144.99126
ID957962085,138a Lebanon St,2,h,630000.0,22/05/2016,2.0,1.0,378.0,19.0,-37.7245,144.9097
ID402768736,4 webster St,4,h,1455000.0,19/11/2016,2.0,3.0,571.0,99.0,-37.809,144.8865
ID604703987,3 Dryburgh Pl,3,h,645500.0,16/09/2017,2.0,2.0,719.0,19.0,-37.6883,144.74225
ID688200908,4/2 Alfred St,2,u,830000.0,7/05/2016,1.0,1.0,727.0,19.0,-37.8503,144.9855
ID156754609,165 Morris St,3,h,591500.0,30/07/2016,1.0,2.0,427.0,79.0,-37.7925,144.8282
ID924233688,30 College Pde,4,h,2590000.0,18/03/2017,2.0,2.0,660.0,91.0,-37.8124,145.0361
ID676060343,15 Randell Ct,4,h,865000.0,17/06/2017,2.0,2.0,612.0,6.0,-37.65478,145.05199
ID792281652,36A Warrigal Rd,3,h,1400000.0,24/06/2017,2.0,2.0,259.0,12.0,-37.9905,145.06999
ID136980463,2 Hazel Gr,2,h,915000.0,3/12/2016,1.0,3.0,629.0,44.0,-37.7312,144.9399
ID961172746,188 Rachelle Rd,3,h,835000.0,8/04/2017,2.0,2.0,700.0,39.0,-37.7322,144.8722
ID281884941,27 Kensley Cct,4,h,492000.0,24/06/2017,2.0,2.0,479.0,10.0,-37.57005,144.91908999999995
ID676735768,12 Pacific Dr,4,h,840000.0,22/07/2017,2.0,2.0,383.0,59.0,-38.01958,145.12356
ID543489901,4/81 Rosanna Rd,3,u,620000.0,4/03/2017,1.0,1.0,215.0,34.0,-37.7509,145.0698
ID648177159,59 Hertford Rd,2,h,825000.0,15/10/2016,1.0,3.0,580.0,61.0,-37.7818,144.8393
ID798515012,83 Princes St,2,h,720000.0,7/05/2016,1.0,1.0,117.0,129.0,-37.793,144.9728
ID349451148,2 Matilda Rd,3,h,1090500.0,3/06/2017,2.0,2.0,347.0,64.0,-37.94274,145.05783
ID261735243,8 Rutland St,3,h,960000.0,30/07/2016,1.0,1.0,645.0,69.0,-37.736,144.8809
ID161649164,77 Highfield Rd,5,h,3550000.0,18/03/2017,4.0,4.0,684.0,6.0,-37.832,145.0853
ID344871903,301/228 The Avenue,3,u,1560000.0,27/05/2017,2.0,1.0,2431.0,69.0,-37.78212,144.95755
ID368235133,33 Clunes St,2,h,705500.0,30/07/2016,1.0,1.0,770.0,69.0,-37.7159,145.0389
ID355235119,27 Wellington St,3,h,915000.0,22/07/2017,1.0,2.0,447.0,109.0,-37.792,144.86856
ID300707640,3/7 Lilian St,3,t,1235000.0,27/05/2017,3.0,2.0,338.0,119.0,-37.827040000000004,145.16801
ID699088674,4/6 Crefden St,2,u,360000.0,23/04/2016,2.0,1.0,0.0,69.0,-37.7776,144.8723
